2026-07-20 23:46:56,206 [INFO] --- Starting Task 0 ---
2026-07-20 23:47:08,908 [INFO] 
--- Task 0, Round 1/30 (Global 1) ---
2026-07-20 23:47:25,967 [INFO]   Client 0 Loss: 1.7522
2026-07-20 23:47:32,635 [INFO]   Client 1 Loss: 1.7806
2026-07-20 23:47:40,746 [INFO]   Client 2 Loss: 1.7224
2026-07-20 23:48:07,569 [INFO]   Client 3 Loss: 1.5562
2026-07-20 23:48:11,754 [INFO]   Client 4 Loss: 2.0357
2026-07-20 23:48:40,369 [INFO]   Client 5 Loss: 1.5246
2026-07-20 23:48:54,004 [INFO]   Client 6 Loss: 1.5636
2026-07-20 23:49:04,802 [INFO]   Client 7 Loss: 1.5092
2026-07-20 23:49:11,379 [INFO]   Client 8 Loss: 1.6949
2026-07-20 23:49:13,281 [INFO]   Client 9 Loss: 2.0874
2026-07-20 23:49:14,274 [INFO]   Client 10 Loss: 2.2204
2026-07-20 23:49:15,571 [INFO]   Client 11 Loss: 2.2085
2026-07-20 23:49:21,551 [INFO]   Client 12 Loss: 1.8593
2026-07-20 23:49:27,497 [INFO]   Client 13 Loss: 1.6176
2026-07-20 23:49:28,245 [INFO]   Client 15 Loss: 2.2292
2026-07-20 23:49:40,669 [INFO]   Client 16 Loss: 1.6249
2026-07-20 23:49:51,443 [INFO]   Client 17 Loss: 1.6918
2026-07-20 23:49:53,128 [INFO]   Client 18 Loss: 2.0513
2026-07-20 23:50:20,465 [INFO]   Client 19 Loss: 1.7331
2026-07-20 23:50:23,866 [INFO]   Client 20 Loss: 1.7664
2026-07-20 23:50:49,348 [INFO]   Client 21 Loss: 1.6068
2026-07-20 23:51:20,279 [INFO]   Client 22 Loss: 1.4275
2026-07-20 23:51:27,654 [INFO]   Client 23 Loss: 1.8391
2026-07-20 23:51:41,065 [INFO]   Client 24 Loss: 1.5964
2026-07-20 23:51:56,386 [INFO]   Client 25 Loss: 1.7022
2026-07-20 23:52:15,475 [INFO]   Client 26 Loss: 1.5593
2026-07-20 23:52:40,365 [INFO]   Client 27 Loss: 1.6329
2026-07-20 23:52:56,759 [INFO]   Client 28 Loss: 1.6236
2026-07-20 23:53:16,712 [INFO]   Client 30 Loss: 1.6045
2026-07-20 23:53:17,183 [INFO]   Client 32 Loss: 2.2237
2026-07-20 23:53:33,524 [INFO]   Client 33 Loss: 1.6256
2026-07-20 23:53:37,624 [INFO]   Client 34 Loss: 1.7300
2026-07-20 23:53:38,705 [INFO]   Client 35 Loss: 2.2531
2026-07-20 23:53:38,840 [INFO]   Client 36 Loss: 2.1932
2026-07-20 23:53:39,695 [INFO]   Client 37 Loss: 2.2007
2026-07-20 23:53:57,755 [INFO]   Client 38 Loss: 1.4361
2026-07-20 23:53:58,066 [INFO]   Client 39 Loss: 2.2395
2026-07-20 23:53:58,180 [INFO]   Client 40 Loss: 2.3510
2026-07-20 23:54:04,772 [INFO]   Client 41 Loss: 1.7457
2026-07-20 23:54:08,420 [INFO]   Client 42 Loss: 1.7644
2026-07-20 23:54:21,150 [INFO]   Client 43 Loss: 1.4813
2026-07-20 23:54:21,903 [INFO]   Client 44 Loss: 1.8877
2026-07-20 23:54:22,160 [INFO]   Client 45 Loss: 2.2217
2026-07-20 23:54:30,527 [INFO]   Client 46 Loss: 1.7446
2026-07-20 23:54:35,604 [INFO]   Client 47 Loss: 1.7135
2026-07-20 23:54:39,625 [INFO]   Client 48 Loss: 1.7157
2026-07-20 23:54:53,239 [INFO]   Client 49 Loss: 1.6084
2026-07-20 23:56:12,269 [INFO] [Task 0 | Round 1/30 | Global 1] Acc: 54.54% | F1-Mac: 11.90% | Loss: 1.8076
2026-07-20 23:56:12,283 [INFO] 
--- Task 0, Round 2/30 (Global 2) ---
2026-07-20 23:56:22,335 [INFO]   Client 0 Loss: 1.6432
2026-07-20 23:56:29,751 [INFO]   Client 1 Loss: 1.5831
2026-07-20 23:56:38,879 [INFO]   Client 2 Loss: 1.6094
2026-07-20 23:57:07,882 [INFO]   Client 3 Loss: 1.4882
2026-07-20 23:57:11,925 [INFO]   Client 4 Loss: 1.9169
2026-07-20 23:57:41,295 [INFO]   Client 5 Loss: 1.4498
2026-07-20 23:57:55,133 [INFO]   Client 6 Loss: 1.5191
2026-07-20 23:58:05,941 [INFO]   Client 7 Loss: 1.4680
2026-07-20 23:58:12,481 [INFO]   Client 8 Loss: 1.6042
2026-07-20 23:58:14,495 [INFO]   Client 9 Loss: 2.0898
2026-07-20 23:58:15,470 [INFO]   Client 10 Loss: 2.1278
2026-07-20 23:58:16,751 [INFO]   Client 11 Loss: 2.0000
2026-07-20 23:58:22,530 [INFO]   Client 12 Loss: 1.7274
2026-07-20 23:58:28,771 [INFO]   Client 13 Loss: 1.5573
2026-07-20 23:58:29,519 [INFO]   Client 15 Loss: 2.1390
2026-07-20 23:58:42,072 [INFO]   Client 16 Loss: 1.5249
2026-07-20 23:58:52,800 [INFO]   Client 17 Loss: 1.5162
2026-07-20 23:58:54,496 [INFO]   Client 18 Loss: 2.0787
2026-07-20 23:59:21,997 [INFO]   Client 19 Loss: 1.7140
2026-07-20 23:59:25,562 [INFO]   Client 20 Loss: 1.6964
2026-07-20 23:59:51,180 [INFO]   Client 21 Loss: 1.4216
2026-07-21 00:00:22,131 [INFO]   Client 22 Loss: 1.3395
2026-07-21 00:00:29,506 [INFO]   Client 23 Loss: 1.8075
2026-07-21 00:00:42,915 [INFO]   Client 24 Loss: 1.6020
2026-07-21 00:00:58,088 [INFO]   Client 25 Loss: 1.5945
2026-07-21 00:01:17,314 [INFO]   Client 26 Loss: 1.4535
2026-07-21 00:01:42,186 [INFO]   Client 27 Loss: 1.5338
2026-07-21 00:01:58,559 [INFO]   Client 28 Loss: 1.5709
2026-07-21 00:02:18,640 [INFO]   Client 30 Loss: 1.5115
2026-07-21 00:02:18,971 [INFO]   Client 32 Loss: 2.1345
2026-07-21 00:02:35,241 [INFO]   Client 33 Loss: 1.5396
2026-07-21 00:02:39,341 [INFO]   Client 34 Loss: 1.5605
2026-07-21 00:02:40,420 [INFO]   Client 35 Loss: 1.9578
2026-07-21 00:02:40,537 [INFO]   Client 36 Loss: 2.1644
2026-07-21 00:02:41,366 [INFO]   Client 37 Loss: 2.1335
2026-07-21 00:02:59,269 [INFO]   Client 38 Loss: 1.3991
2026-07-21 00:02:59,584 [INFO]   Client 39 Loss: 2.1058
2026-07-21 00:02:59,618 [INFO]   Client 40 Loss: 2.1543
2026-07-21 00:03:06,407 [INFO]   Client 41 Loss: 1.6886
2026-07-21 00:03:10,039 [INFO]   Client 42 Loss: 1.6962
2026-07-21 00:03:22,687 [INFO]   Client 43 Loss: 1.4421
2026-07-21 00:03:23,444 [INFO]   Client 44 Loss: 1.7532
2026-07-21 00:03:23,697 [INFO]   Client 45 Loss: 2.1192
2026-07-21 00:03:32,030 [INFO]   Client 46 Loss: 1.7002
2026-07-21 00:03:37,121 [INFO]   Client 47 Loss: 1.6220
2026-07-21 00:03:41,151 [INFO]   Client 48 Loss: 1.6962
2026-07-21 00:03:54,900 [INFO]   Client 49 Loss: 1.5893
2026-07-21 00:05:13,974 [INFO] [Task 0 | Round 2/30 | Global 2] Acc: 34.01% | F1-Mac: 8.46% | Loss: 1.7180
2026-07-21 00:05:13,984 [INFO] 
--- Task 0, Round 3/30 (Global 3) ---
2026-07-21 00:05:23,944 [INFO]   Client 0 Loss: 1.5800
2026-07-21 00:05:31,427 [INFO]   Client 1 Loss: 1.5061
2026-07-21 00:05:40,541 [INFO]   Client 2 Loss: 1.5709
2026-07-21 00:06:09,300 [INFO]   Client 3 Loss: 1.4641
2026-07-21 00:06:13,471 [INFO]   Client 4 Loss: 1.7890
2026-07-21 00:06:42,751 [INFO]   Client 5 Loss: 1.4140
2026-07-21 00:06:56,641 [INFO]   Client 6 Loss: 1.5004
2026-07-21 00:07:07,430 [INFO]   Client 7 Loss: 1.4198
2026-07-21 00:07:13,951 [INFO]   Client 8 Loss: 1.5614
2026-07-21 00:07:15,803 [INFO]   Client 9 Loss: 2.0824
2026-07-21 00:07:16,918 [INFO]   Client 10 Loss: 2.1312
2026-07-21 00:07:18,047 [INFO]   Client 11 Loss: 1.9285
2026-07-21 00:07:23,923 [INFO]   Client 12 Loss: 1.6546
2026-07-21 00:07:29,967 [INFO]   Client 13 Loss: 1.4814
2026-07-21 00:07:30,702 [INFO]   Client 15 Loss: 2.1264
2026-07-21 00:07:43,246 [INFO]   Client 16 Loss: 1.4722
2026-07-21 00:07:54,130 [INFO]   Client 17 Loss: 1.4552
2026-07-21 00:07:55,676 [INFO]   Client 18 Loss: 2.0583
2026-07-21 00:08:23,226 [INFO]   Client 19 Loss: 1.7016
2026-07-21 00:08:26,663 [INFO]   Client 20 Loss: 1.6808
2026-07-21 00:08:52,124 [INFO]   Client 21 Loss: 1.3664
2026-07-21 00:09:22,647 [INFO]   Client 22 Loss: 1.3056
2026-07-21 00:09:30,205 [INFO]   Client 23 Loss: 1.7797
2026-07-21 00:09:43,554 [INFO]   Client 24 Loss: 1.6008
2026-07-21 00:09:58,795 [INFO]   Client 25 Loss: 1.5389
2026-07-21 00:10:17,803 [INFO]   Client 26 Loss: 1.4247
2026-07-21 00:10:42,874 [INFO]   Client 27 Loss: 1.4916
2026-07-21 00:10:59,357 [INFO]   Client 28 Loss: 1.5405
2026-07-21 00:11:19,295 [INFO]   Client 30 Loss: 1.4804
2026-07-21 00:11:19,628 [INFO]   Client 32 Loss: 2.1001
2026-07-21 00:11:35,880 [INFO]   Client 33 Loss: 1.5153
2026-07-21 00:11:40,150 [INFO]   Client 34 Loss: 1.5205
2026-07-21 00:11:41,232 [INFO]   Client 35 Loss: 1.8982
2026-07-21 00:11:41,348 [INFO]   Client 36 Loss: 2.1679
2026-07-21 00:11:42,179 [INFO]   Client 37 Loss: 2.1696
2026-07-21 00:12:00,169 [INFO]   Client 38 Loss: 1.3681
2026-07-21 00:12:00,485 [INFO]   Client 39 Loss: 2.1285
2026-07-21 00:12:00,519 [INFO]   Client 40 Loss: 2.2899
2026-07-21 00:12:07,169 [INFO]   Client 41 Loss: 1.6528
2026-07-21 00:12:10,654 [INFO]   Client 42 Loss: 1.6765
2026-07-21 00:12:23,341 [INFO]   Client 43 Loss: 1.4007
2026-07-21 00:12:24,240 [INFO]   Client 44 Loss: 1.7150
2026-07-21 00:12:24,494 [INFO]   Client 45 Loss: 2.1316
2026-07-21 00:12:32,685 [INFO]   Client 46 Loss: 1.6894
2026-07-21 00:12:37,760 [INFO]   Client 47 Loss: 1.5753
2026-07-21 00:12:41,762 [INFO]   Client 48 Loss: 1.6873
2026-07-21 00:12:55,318 [INFO]   Client 49 Loss: 1.5704
2026-07-21 00:14:14,303 [INFO] [Task 0 | Round 3/30 | Global 3] Acc: 34.05% | F1-Mac: 8.67% | Loss: 1.6886
2026-07-21 00:14:14,315 [INFO] 
--- Task 0, Round 4/30 (Global 4) ---
2026-07-21 00:14:24,424 [INFO]   Client 0 Loss: 1.5372
2026-07-21 00:14:31,967 [INFO]   Client 1 Loss: 1.4598
2026-07-21 00:14:40,961 [INFO]   Client 2 Loss: 1.5451
2026-07-21 00:15:09,891 [INFO]   Client 3 Loss: 1.4423
2026-07-21 00:15:14,074 [INFO]   Client 4 Loss: 1.7237
2026-07-21 00:15:43,316 [INFO]   Client 5 Loss: 1.3822
2026-07-21 00:15:57,259 [INFO]   Client 6 Loss: 1.4906
2026-07-21 00:16:08,113 [INFO]   Client 7 Loss: 1.3895
2026-07-21 00:16:14,715 [INFO]   Client 8 Loss: 1.5608
2026-07-21 00:16:16,425 [INFO]   Client 9 Loss: 2.0578
2026-07-21 00:16:17,544 [INFO]   Client 10 Loss: 2.1453
2026-07-21 00:16:18,822 [INFO]   Client 11 Loss: 1.9226
2026-07-21 00:16:24,743 [INFO]   Client 12 Loss: 1.6047
2026-07-21 00:16:30,802 [INFO]   Client 13 Loss: 1.4445
2026-07-21 00:16:31,548 [INFO]   Client 15 Loss: 2.1683
2026-07-21 00:16:44,031 [INFO]   Client 16 Loss: 1.4388
2026-07-21 00:16:54,806 [INFO]   Client 17 Loss: 1.4164
2026-07-21 00:16:56,511 [INFO]   Client 18 Loss: 2.0309
2026-07-21 00:17:24,004 [INFO]   Client 19 Loss: 1.6982
2026-07-21 00:17:27,584 [INFO]   Client 20 Loss: 1.6687
2026-07-21 00:17:52,966 [INFO]   Client 21 Loss: 1.3313
2026-07-21 00:18:23,745 [INFO]   Client 22 Loss: 1.2833
2026-07-21 00:18:31,150 [INFO]   Client 23 Loss: 1.7707
2026-07-21 00:18:44,693 [INFO]   Client 24 Loss: 1.6169
2026-07-21 00:18:59,787 [INFO]   Client 25 Loss: 1.5020
2026-07-21 00:19:18,809 [INFO]   Client 26 Loss: 1.4026
2026-07-21 00:19:43,710 [INFO]   Client 27 Loss: 1.4617
2026-07-21 00:20:00,105 [INFO]   Client 28 Loss: 1.5154
2026-07-21 00:20:20,111 [INFO]   Client 30 Loss: 1.4469
2026-07-21 00:20:20,434 [INFO]   Client 32 Loss: 2.1493
2026-07-21 00:20:36,644 [INFO]   Client 33 Loss: 1.4890
2026-07-21 00:20:40,722 [INFO]   Client 34 Loss: 1.5125
2026-07-21 00:20:41,657 [INFO]   Client 35 Loss: 1.8620
2026-07-21 00:20:41,772 [INFO]   Client 36 Loss: 2.1402
2026-07-21 00:20:42,603 [INFO]   Client 37 Loss: 2.1186
2026-07-21 00:21:00,650 [INFO]   Client 38 Loss: 1.3438
2026-07-21 00:21:00,966 [INFO]   Client 39 Loss: 2.1464
2026-07-21 00:21:01,001 [INFO]   Client 40 Loss: 2.2085
2026-07-21 00:21:07,617 [INFO]   Client 41 Loss: 1.6288
2026-07-21 00:21:11,237 [INFO]   Client 42 Loss: 1.6628
2026-07-21 00:21:23,869 [INFO]   Client 43 Loss: 1.3727
2026-07-21 00:21:24,764 [INFO]   Client 44 Loss: 1.7228
2026-07-21 00:21:25,014 [INFO]   Client 45 Loss: 2.1595
2026-07-21 00:21:33,286 [INFO]   Client 46 Loss: 1.6726
2026-07-21 00:21:38,535 [INFO]   Client 47 Loss: 1.5611
2026-07-21 00:21:42,547 [INFO]   Client 48 Loss: 1.6921
2026-07-21 00:21:56,026 [INFO]   Client 49 Loss: 1.5517
2026-07-21 00:23:14,765 [INFO] [Task 0 | Round 4/30 | Global 4] Acc: 34.50% | F1-Mac: 10.47% | Loss: 1.6692
2026-07-21 00:23:14,778 [INFO] 
--- Task 0, Round 5/30 (Global 5) ---
2026-07-21 00:23:24,877 [INFO]   Client 0 Loss: 1.5116
2026-07-21 00:23:32,227 [INFO]   Client 1 Loss: 1.4265
2026-07-21 00:23:41,542 [INFO]   Client 2 Loss: 1.5230
2026-07-21 00:24:10,489 [INFO]   Client 3 Loss: 1.4255
2026-07-21 00:24:14,697 [INFO]   Client 4 Loss: 1.6841
2026-07-21 00:24:43,983 [INFO]   Client 5 Loss: 1.3624
2026-07-21 00:24:57,748 [INFO]   Client 6 Loss: 1.4814
2026-07-21 00:25:08,553 [INFO]   Client 7 Loss: 1.3743
2026-07-21 00:25:15,173 [INFO]   Client 8 Loss: 1.5509
2026-07-21 00:25:17,030 [INFO]   Client 9 Loss: 2.0364
2026-07-21 00:25:18,009 [INFO]   Client 10 Loss: 2.1911
2026-07-21 00:25:19,291 [INFO]   Client 11 Loss: 1.8868
2026-07-21 00:25:25,065 [INFO]   Client 12 Loss: 1.5691
2026-07-21 00:25:31,120 [INFO]   Client 13 Loss: 1.4201
2026-07-21 00:25:32,007 [INFO]   Client 15 Loss: 2.1758
2026-07-21 00:25:44,501 [INFO]   Client 16 Loss: 1.4132
2026-07-21 00:25:55,263 [INFO]   Client 17 Loss: 1.3930
2026-07-21 00:25:56,969 [INFO]   Client 18 Loss: 1.9844
2026-07-21 00:26:24,712 [INFO]   Client 19 Loss: 1.6839
2026-07-21 00:26:28,111 [INFO]   Client 20 Loss: 1.6489
2026-07-21 00:26:53,568 [INFO]   Client 21 Loss: 1.3044
2026-07-21 00:27:24,315 [INFO]   Client 22 Loss: 1.2718
2026-07-21 00:27:31,711 [INFO]   Client 23 Loss: 1.7614
2026-07-21 00:27:45,116 [INFO]   Client 24 Loss: 1.5993
2026-07-21 00:28:00,293 [INFO]   Client 25 Loss: 1.4719
2026-07-21 00:28:19,312 [INFO]   Client 26 Loss: 1.3939
2026-07-21 00:28:44,500 [INFO]   Client 27 Loss: 1.4407
2026-07-21 00:29:00,941 [INFO]   Client 28 Loss: 1.4957
2026-07-21 00:29:20,864 [INFO]   Client 30 Loss: 1.4200
2026-07-21 00:29:21,344 [INFO]   Client 32 Loss: 2.1906
2026-07-21 00:29:37,617 [INFO]   Client 33 Loss: 1.4684
2026-07-21 00:29:41,709 [INFO]   Client 34 Loss: 1.4930
2026-07-21 00:29:42,780 [INFO]   Client 35 Loss: 1.8602
2026-07-21 00:29:42,895 [INFO]   Client 36 Loss: 2.1626
2026-07-21 00:29:43,722 [INFO]   Client 37 Loss: 2.1437
2026-07-21 00:30:01,748 [INFO]   Client 38 Loss: 1.3281
2026-07-21 00:30:02,062 [INFO]   Client 39 Loss: 2.1683
2026-07-21 00:30:02,096 [INFO]   Client 40 Loss: 2.0888
2026-07-21 00:30:08,788 [INFO]   Client 41 Loss: 1.6014
2026-07-21 00:30:12,400 [INFO]   Client 42 Loss: 1.6421
2026-07-21 00:30:25,030 [INFO]   Client 43 Loss: 1.3541
2026-07-21 00:30:25,785 [INFO]   Client 44 Loss: 1.7267
2026-07-21 00:30:26,038 [INFO]   Client 45 Loss: 2.2048
2026-07-21 00:30:34,165 [INFO]   Client 46 Loss: 1.6473
2026-07-21 00:30:39,370 [INFO]   Client 47 Loss: 1.5569
2026-07-21 00:30:43,367 [INFO]   Client 48 Loss: 1.6968
2026-07-21 00:30:56,788 [INFO]   Client 49 Loss: 1.5395
2026-07-21 00:32:15,854 [INFO] [Task 0 | Round 5/30 | Global 5] Acc: 35.62% | F1-Mac: 14.14% | Loss: 1.6548
2026-07-21 00:32:15,866 [INFO] 
--- Task 0, Round 6/30 (Global 6) ---
2026-07-21 00:32:25,957 [INFO]   Client 0 Loss: 1.4828
2026-07-21 00:32:33,408 [INFO]   Client 1 Loss: 1.4024
2026-07-21 00:32:42,516 [INFO]   Client 2 Loss: 1.5037
2026-07-21 00:33:11,415 [INFO]   Client 3 Loss: 1.4102
2026-07-21 00:33:15,752 [INFO]   Client 4 Loss: 1.6548
2026-07-21 00:33:44,963 [INFO]   Client 5 Loss: 1.3543
2026-07-21 00:33:58,752 [INFO]   Client 6 Loss: 1.4724
2026-07-21 00:34:09,590 [INFO]   Client 7 Loss: 1.3618
2026-07-21 00:34:16,136 [INFO]   Client 8 Loss: 1.5334
2026-07-21 00:34:17,989 [INFO]   Client 9 Loss: 1.9898
2026-07-21 00:34:18,968 [INFO]   Client 10 Loss: 2.1755
2026-07-21 00:34:20,244 [INFO]   Client 11 Loss: 1.8769
2026-07-21 00:34:26,154 [INFO]   Client 12 Loss: 1.5375
2026-07-21 00:34:32,073 [INFO]   Client 13 Loss: 1.4033
2026-07-21 00:34:32,812 [INFO]   Client 15 Loss: 2.1839
2026-07-21 00:34:45,212 [INFO]   Client 16 Loss: 1.3908
2026-07-21 00:34:56,109 [INFO]   Client 17 Loss: 1.3718
2026-07-21 00:34:57,800 [INFO]   Client 18 Loss: 1.9478
2026-07-21 00:35:25,198 [INFO]   Client 19 Loss: 1.6817
2026-07-21 00:35:28,592 [INFO]   Client 20 Loss: 1.6303
2026-07-21 00:35:54,123 [INFO]   Client 21 Loss: 1.2805
2026-07-21 00:36:24,563 [INFO]   Client 22 Loss: 1.2590
2026-07-21 00:36:32,050 [INFO]   Client 23 Loss: 1.7559
2026-07-21 00:36:45,389 [INFO]   Client 24 Loss: 1.5909
2026-07-21 00:37:00,654 [INFO]   Client 25 Loss: 1.4546
2026-07-21 00:37:19,844 [INFO]   Client 26 Loss: 1.3907
2026-07-21 00:37:44,770 [INFO]   Client 27 Loss: 1.4247
2026-07-21 00:38:01,141 [INFO]   Client 28 Loss: 1.4787
2026-07-21 00:38:21,289 [INFO]   Client 30 Loss: 1.3993
2026-07-21 00:38:21,633 [INFO]   Client 32 Loss: 2.1585
2026-07-21 00:38:37,895 [INFO]   Client 33 Loss: 1.4542
2026-07-21 00:38:42,159 [INFO]   Client 34 Loss: 1.4904
2026-07-21 00:38:43,097 [INFO]   Client 35 Loss: 1.8394
2026-07-21 00:38:43,214 [INFO]   Client 36 Loss: 2.1377
2026-07-21 00:38:44,057 [INFO]   Client 37 Loss: 2.1552
2026-07-21 00:39:02,085 [INFO]   Client 38 Loss: 1.3177
2026-07-21 00:39:02,399 [INFO]   Client 39 Loss: 2.1168
2026-07-21 00:39:02,433 [INFO]   Client 40 Loss: 2.1654
2026-07-21 00:39:09,061 [INFO]   Client 41 Loss: 1.5812
2026-07-21 00:39:12,693 [INFO]   Client 42 Loss: 1.6252
2026-07-21 00:39:25,307 [INFO]   Client 43 Loss: 1.3444
2026-07-21 00:39:26,069 [INFO]   Client 44 Loss: 1.7266
2026-07-21 00:39:26,321 [INFO]   Client 45 Loss: 2.1958
2026-07-21 00:39:34,518 [INFO]   Client 46 Loss: 1.6389
2026-07-21 00:39:39,740 [INFO]   Client 47 Loss: 1.5443
2026-07-21 00:39:43,721 [INFO]   Client 48 Loss: 1.6875
2026-07-21 00:39:57,163 [INFO]   Client 49 Loss: 1.5286
2026-07-21 00:41:16,806 [INFO] [Task 0 | Round 6/30 | Global 6] Acc: 36.82% | F1-Mac: 17.16% | Loss: 1.6406
2026-07-21 00:41:16,817 [INFO] 
--- Task 0, Round 7/30 (Global 7) ---
2026-07-21 00:41:26,880 [INFO]   Client 0 Loss: 1.4748
2026-07-21 00:41:34,354 [INFO]   Client 1 Loss: 1.3866
2026-07-21 00:41:43,491 [INFO]   Client 2 Loss: 1.4858
2026-07-21 00:42:12,002 [INFO]   Client 3 Loss: 1.4025
2026-07-21 00:42:16,368 [INFO]   Client 4 Loss: 1.6454
2026-07-21 00:42:45,557 [INFO]   Client 5 Loss: 1.3352
2026-07-21 00:42:59,318 [INFO]   Client 6 Loss: 1.4688
2026-07-21 00:43:10,116 [INFO]   Client 7 Loss: 1.3438
2026-07-21 00:43:16,645 [INFO]   Client 8 Loss: 1.5277
2026-07-21 00:43:18,495 [INFO]   Client 9 Loss: 1.9515
2026-07-21 00:43:19,471 [INFO]   Client 10 Loss: 2.1913
2026-07-21 00:43:20,755 [INFO]   Client 11 Loss: 1.8757
2026-07-21 00:43:26,678 [INFO]   Client 12 Loss: 1.5155
2026-07-21 00:43:32,567 [INFO]   Client 13 Loss: 1.3894
2026-07-21 00:43:33,315 [INFO]   Client 15 Loss: 2.1923
2026-07-21 00:43:45,830 [INFO]   Client 16 Loss: 1.3737
2026-07-21 00:43:56,718 [INFO]   Client 17 Loss: 1.3574
2026-07-21 00:43:58,408 [INFO]   Client 18 Loss: 1.9185
2026-07-21 00:44:25,870 [INFO]   Client 19 Loss: 1.6717
2026-07-21 00:44:29,259 [INFO]   Client 20 Loss: 1.6208
2026-07-21 00:44:54,462 [INFO]   Client 21 Loss: 1.2627
2026-07-21 00:45:25,085 [INFO]   Client 22 Loss: 1.2529
2026-07-21 00:45:32,623 [INFO]   Client 23 Loss: 1.7384
2026-07-21 00:45:45,961 [INFO]   Client 24 Loss: 1.5847
2026-07-21 00:46:01,185 [INFO]   Client 25 Loss: 1.4420
2026-07-21 00:46:20,173 [INFO]   Client 26 Loss: 1.3796
2026-07-21 00:46:44,867 [INFO]   Client 27 Loss: 1.4095
2026-07-21 00:47:01,260 [INFO]   Client 28 Loss: 1.4636
2026-07-21 00:47:21,325 [INFO]   Client 30 Loss: 1.3780
2026-07-21 00:47:21,655 [INFO]   Client 32 Loss: 2.1808
2026-07-21 00:47:37,875 [INFO]   Client 33 Loss: 1.4399
2026-07-21 00:47:42,120 [INFO]   Client 34 Loss: 1.4776
2026-07-21 00:47:43,064 [INFO]   Client 35 Loss: 1.8351
2026-07-21 00:47:43,182 [INFO]   Client 36 Loss: 2.1330
2026-07-21 00:47:44,013 [INFO]   Client 37 Loss: 2.1341
2026-07-21 00:48:02,015 [INFO]   Client 38 Loss: 1.3063
2026-07-21 00:48:02,327 [INFO]   Client 39 Loss: 2.1640
2026-07-21 00:48:02,363 [INFO]   Client 40 Loss: 2.1403
2026-07-21 00:48:08,989 [INFO]   Client 41 Loss: 1.5628
2026-07-21 00:48:12,618 [INFO]   Client 42 Loss: 1.6172
2026-07-21 00:48:25,188 [INFO]   Client 43 Loss: 1.3304
2026-07-21 00:48:25,942 [INFO]   Client 44 Loss: 1.7244
2026-07-21 00:48:26,200 [INFO]   Client 45 Loss: 2.1678
2026-07-21 00:48:34,337 [INFO]   Client 46 Loss: 1.6281
2026-07-21 00:48:39,519 [INFO]   Client 47 Loss: 1.5439
2026-07-21 00:48:43,511 [INFO]   Client 48 Loss: 1.6774
2026-07-21 00:48:56,920 [INFO]   Client 49 Loss: 1.5214
2026-07-21 00:50:15,393 [INFO] [Task 0 | Round 7/30 | Global 7] Acc: 91.14% | F1-Mac: 41.32% | Loss: 1.6303
2026-07-21 00:50:15,404 [INFO] 
--- Task 0, Round 8/30 (Global 8) ---
2026-07-21 00:50:25,513 [INFO]   Client 0 Loss: 1.4655
2026-07-21 00:50:32,985 [INFO]   Client 1 Loss: 1.3736
2026-07-21 00:50:42,064 [INFO]   Client 2 Loss: 1.4744
2026-07-21 00:51:10,722 [INFO]   Client 3 Loss: 1.3902
2026-07-21 00:51:15,059 [INFO]   Client 4 Loss: 1.6298
2026-07-21 00:51:44,280 [INFO]   Client 5 Loss: 1.3231
2026-07-21 00:51:58,070 [INFO]   Client 6 Loss: 1.4662
2026-07-21 00:52:08,878 [INFO]   Client 7 Loss: 1.3317
2026-07-21 00:52:15,345 [INFO]   Client 8 Loss: 1.5229
2026-07-21 00:52:17,222 [INFO]   Client 9 Loss: 1.9357
2026-07-21 00:52:18,201 [INFO]   Client 10 Loss: 2.1837
2026-07-21 00:52:19,489 [INFO]   Client 11 Loss: 1.8765
2026-07-21 00:52:25,435 [INFO]   Client 12 Loss: 1.5061
2026-07-21 00:52:31,339 [INFO]   Client 13 Loss: 1.3773
2026-07-21 00:52:32,078 [INFO]   Client 15 Loss: 2.2142
2026-07-21 00:52:44,584 [INFO]   Client 16 Loss: 1.3648
2026-07-21 00:52:55,463 [INFO]   Client 17 Loss: 1.3533
2026-07-21 00:52:57,159 [INFO]   Client 18 Loss: 1.9089
2026-07-21 00:53:24,832 [INFO]   Client 19 Loss: 1.6622
2026-07-21 00:53:28,240 [INFO]   Client 20 Loss: 1.6094
2026-07-21 00:53:53,475 [INFO]   Client 21 Loss: 1.2510
2026-07-21 00:54:24,278 [INFO]   Client 22 Loss: 1.2443
2026-07-21 00:54:31,848 [INFO]   Client 23 Loss: 1.7387
2026-07-21 00:54:45,269 [INFO]   Client 24 Loss: 1.5905
2026-07-21 00:55:00,567 [INFO]   Client 25 Loss: 1.4316
2026-07-21 00:55:19,554 [INFO]   Client 26 Loss: 1.3723
2026-07-21 00:55:44,448 [INFO]   Client 27 Loss: 1.4000
2026-07-21 00:56:00,900 [INFO]   Client 28 Loss: 1.4579
2026-07-21 00:56:21,095 [INFO]   Client 30 Loss: 1.3665
2026-07-21 00:56:21,422 [INFO]   Client 32 Loss: 2.2015
2026-07-21 00:56:37,671 [INFO]   Client 33 Loss: 1.4292
2026-07-21 00:56:41,928 [INFO]   Client 34 Loss: 1.4817
2026-07-21 00:56:42,868 [INFO]   Client 35 Loss: 1.8429
2026-07-21 00:56:42,982 [INFO]   Client 36 Loss: 2.1172
2026-07-21 00:56:43,808 [INFO]   Client 37 Loss: 2.0946
2026-07-21 00:57:01,866 [INFO]   Client 38 Loss: 1.2993
2026-07-21 00:57:02,186 [INFO]   Client 39 Loss: 2.1433
2026-07-21 00:57:02,222 [INFO]   Client 40 Loss: 2.2636
2026-07-21 00:57:08,850 [INFO]   Client 41 Loss: 1.5512
2026-07-21 00:57:12,498 [INFO]   Client 42 Loss: 1.6107
2026-07-21 00:57:25,139 [INFO]   Client 43 Loss: 1.3207
2026-07-21 00:57:25,886 [INFO]   Client 44 Loss: 1.7231
2026-07-21 00:57:26,141 [INFO]   Client 45 Loss: 2.2020
2026-07-21 00:57:34,319 [INFO]   Client 46 Loss: 1.6241
2026-07-21 00:57:39,524 [INFO]   Client 47 Loss: 1.5330
2026-07-21 00:57:43,523 [INFO]   Client 48 Loss: 1.6732
2026-07-21 00:57:56,964 [INFO]   Client 49 Loss: 1.5237
2026-07-21 00:59:15,839 [INFO] [Task 0 | Round 8/30 | Global 8] Acc: 92.15% | F1-Mac: 42.96% | Loss: 1.6268
2026-07-21 00:59:15,850 [INFO] 
--- Task 0, Round 9/30 (Global 9) ---
2026-07-21 00:59:25,832 [INFO]   Client 0 Loss: 1.4566
2026-07-21 00:59:33,274 [INFO]   Client 1 Loss: 1.3682
2026-07-21 00:59:42,314 [INFO]   Client 2 Loss: 1.4609
2026-07-21 01:00:10,969 [INFO]   Client 3 Loss: 1.3793
2026-07-21 01:00:15,312 [INFO]   Client 4 Loss: 1.6118
2026-07-21 01:00:44,402 [INFO]   Client 5 Loss: 1.3054
2026-07-21 01:00:58,264 [INFO]   Client 6 Loss: 1.4614
2026-07-21 01:01:09,118 [INFO]   Client 7 Loss: 1.3245
2026-07-21 01:01:15,604 [INFO]   Client 8 Loss: 1.5234
2026-07-21 01:01:17,437 [INFO]   Client 9 Loss: 1.9147
2026-07-21 01:01:18,413 [INFO]   Client 10 Loss: 2.2115
2026-07-21 01:01:19,691 [INFO]   Client 11 Loss: 1.8592
2026-07-21 01:01:25,621 [INFO]   Client 12 Loss: 1.4965
2026-07-21 01:01:31,530 [INFO]   Client 13 Loss: 1.3678
2026-07-21 01:01:32,276 [INFO]   Client 15 Loss: 2.2116
2026-07-21 01:01:44,772 [INFO]   Client 16 Loss: 1.3549
2026-07-21 01:01:55,670 [INFO]   Client 17 Loss: 1.3397
2026-07-21 01:01:57,373 [INFO]   Client 18 Loss: 1.8757
2026-07-21 01:02:24,748 [INFO]   Client 19 Loss: 1.6590
2026-07-21 01:02:28,147 [INFO]   Client 20 Loss: 1.6101
2026-07-21 01:02:53,396 [INFO]   Client 21 Loss: 1.2317
2026-07-21 01:03:23,829 [INFO]   Client 22 Loss: 1.2387
2026-07-21 01:03:31,395 [INFO]   Client 23 Loss: 1.7208
2026-07-21 01:03:44,815 [INFO]   Client 24 Loss: 1.5899
2026-07-21 01:04:00,077 [INFO]   Client 25 Loss: 1.4234
2026-07-21 01:04:19,062 [INFO]   Client 26 Loss: 1.3741
2026-07-21 01:04:43,928 [INFO]   Client 27 Loss: 1.3934
2026-07-21 01:05:00,391 [INFO]   Client 28 Loss: 1.4486
2026-07-21 01:05:20,549 [INFO]   Client 30 Loss: 1.3541
2026-07-21 01:05:20,887 [INFO]   Client 32 Loss: 2.2182
2026-07-21 01:05:37,151 [INFO]   Client 33 Loss: 1.4178
2026-07-21 01:05:41,391 [INFO]   Client 34 Loss: 1.4729
2026-07-21 01:05:42,326 [INFO]   Client 35 Loss: 1.8445
2026-07-21 01:05:42,440 [INFO]   Client 36 Loss: 2.1146
2026-07-21 01:05:43,265 [INFO]   Client 37 Loss: 2.1144
2026-07-21 01:06:01,277 [INFO]   Client 38 Loss: 1.2941
2026-07-21 01:06:01,592 [INFO]   Client 39 Loss: 2.1494
2026-07-21 01:06:01,628 [INFO]   Client 40 Loss: 2.2405
2026-07-21 01:06:08,266 [INFO]   Client 41 Loss: 1.5412
2026-07-21 01:06:11,892 [INFO]   Client 42 Loss: 1.6111
2026-07-21 01:06:24,515 [INFO]   Client 43 Loss: 1.3158
2026-07-21 01:06:25,274 [INFO]   Client 44 Loss: 1.7200
2026-07-21 01:06:25,525 [INFO]   Client 45 Loss: 2.1922
2026-07-21 01:06:33,672 [INFO]   Client 46 Loss: 1.6230
2026-07-21 01:06:38,925 [INFO]   Client 47 Loss: 1.5302
2026-07-21 01:06:42,919 [INFO]   Client 48 Loss: 1.6712
2026-07-21 01:06:56,348 [INFO]   Client 49 Loss: 1.5261
2026-07-21 01:08:15,309 [INFO] [Task 0 | Round 9/30 | Global 9] Acc: 92.43% | F1-Mac: 43.42% | Loss: 1.6205
2026-07-21 01:08:15,319 [INFO] 
--- Task 0, Round 10/30 (Global 10) ---
2026-07-21 01:08:25,284 [INFO]   Client 0 Loss: 1.4488
2026-07-21 01:08:32,743 [INFO]   Client 1 Loss: 1.3591
2026-07-21 01:08:41,862 [INFO]   Client 2 Loss: 1.4552
2026-07-21 01:09:10,743 [INFO]   Client 3 Loss: 1.3738
2026-07-21 01:09:15,073 [INFO]   Client 4 Loss: 1.6068
2026-07-21 01:09:44,292 [INFO]   Client 5 Loss: 1.3016
2026-07-21 01:09:58,047 [INFO]   Client 6 Loss: 1.4573
2026-07-21 01:10:08,853 [INFO]   Client 7 Loss: 1.3181
2026-07-21 01:10:15,335 [INFO]   Client 8 Loss: 1.5185
2026-07-21 01:10:17,223 [INFO]   Client 9 Loss: 1.9075
2026-07-21 01:10:18,200 [INFO]   Client 10 Loss: 2.1959
2026-07-21 01:10:19,484 [INFO]   Client 11 Loss: 1.8779
2026-07-21 01:10:25,407 [INFO]   Client 12 Loss: 1.4882
2026-07-21 01:10:31,317 [INFO]   Client 13 Loss: 1.3628
2026-07-21 01:10:32,064 [INFO]   Client 15 Loss: 2.2157
2026-07-21 01:10:44,594 [INFO]   Client 16 Loss: 1.3550
2026-07-21 01:10:55,464 [INFO]   Client 17 Loss: 1.3321
2026-07-21 01:10:57,162 [INFO]   Client 18 Loss: 1.8818
2026-07-21 01:11:24,832 [INFO]   Client 19 Loss: 1.6499
2026-07-21 01:11:28,222 [INFO]   Client 20 Loss: 1.6153
2026-07-21 01:11:53,665 [INFO]   Client 21 Loss: 1.2264
2026-07-21 01:12:24,123 [INFO]   Client 22 Loss: 1.2305
2026-07-21 01:12:31,680 [INFO]   Client 23 Loss: 1.7229
2026-07-21 01:12:45,029 [INFO]   Client 24 Loss: 1.5934
2026-07-21 01:13:00,347 [INFO]   Client 25 Loss: 1.4134
2026-07-21 01:13:19,233 [INFO]   Client 26 Loss: 1.3697
2026-07-21 01:13:44,037 [INFO]   Client 27 Loss: 1.3860
2026-07-21 01:14:00,416 [INFO]   Client 28 Loss: 1.4394
2026-07-21 01:14:20,514 [INFO]   Client 30 Loss: 1.3492
2026-07-21 01:14:20,844 [INFO]   Client 32 Loss: 2.1722
2026-07-21 01:14:37,094 [INFO]   Client 33 Loss: 1.4112
2026-07-21 01:14:41,321 [INFO]   Client 34 Loss: 1.4697
2026-07-21 01:14:42,250 [INFO]   Client 35 Loss: 1.8450
2026-07-21 01:14:42,364 [INFO]   Client 36 Loss: 2.1497
2026-07-21 01:14:43,191 [INFO]   Client 37 Loss: 2.1134
2026-07-21 01:15:01,182 [INFO]   Client 38 Loss: 1.2851
2026-07-21 01:15:01,511 [INFO]   Client 39 Loss: 2.1786
2026-07-21 01:15:01,546 [INFO]   Client 40 Loss: 2.1613
2026-07-21 01:15:08,146 [INFO]   Client 41 Loss: 1.5318
2026-07-21 01:15:11,771 [INFO]   Client 42 Loss: 1.6103
2026-07-21 01:15:24,384 [INFO]   Client 43 Loss: 1.3117
2026-07-21 01:15:25,139 [INFO]   Client 44 Loss: 1.7236
2026-07-21 01:15:25,391 [INFO]   Client 45 Loss: 2.2033
2026-07-21 01:15:33,564 [INFO]   Client 46 Loss: 1.6158
2026-07-21 01:15:38,801 [INFO]   Client 47 Loss: 1.5274
2026-07-21 01:15:42,778 [INFO]   Client 48 Loss: 1.6711
2026-07-21 01:15:56,191 [INFO]   Client 49 Loss: 1.5253
2026-07-21 01:17:14,563 [INFO] [Task 0 | Round 10/30 | Global 10] Acc: 92.84% | F1-Mac: 43.99% | Loss: 1.6161
2026-07-21 01:17:14,574 [INFO] 
--- Task 0, Round 11/30 (Global 11) ---
2026-07-21 01:17:24,573 [INFO]   Client 0 Loss: 1.4453
2026-07-21 01:17:32,025 [INFO]   Client 1 Loss: 1.3483
2026-07-21 01:17:41,089 [INFO]   Client 2 Loss: 1.4440
2026-07-21 01:18:09,834 [INFO]   Client 3 Loss: 1.3650
2026-07-21 01:18:14,164 [INFO]   Client 4 Loss: 1.6074
2026-07-21 01:18:43,429 [INFO]   Client 5 Loss: 1.2938
2026-07-21 01:18:57,153 [INFO]   Client 6 Loss: 1.4524
2026-07-21 01:19:07,967 [INFO]   Client 7 Loss: 1.3054
2026-07-21 01:19:14,445 [INFO]   Client 8 Loss: 1.5209
2026-07-21 01:19:16,306 [INFO]   Client 9 Loss: 1.9012
2026-07-21 01:19:17,270 [INFO]   Client 10 Loss: 2.1961
2026-07-21 01:19:18,551 [INFO]   Client 11 Loss: 1.8505
2026-07-21 01:19:24,456 [INFO]   Client 12 Loss: 1.4798
2026-07-21 01:19:30,349 [INFO]   Client 13 Loss: 1.3487
2026-07-21 01:19:31,089 [INFO]   Client 15 Loss: 2.2146
2026-07-21 01:19:43,571 [INFO]   Client 16 Loss: 1.3435
2026-07-21 01:19:54,428 [INFO]   Client 17 Loss: 1.3226
2026-07-21 01:19:56,134 [INFO]   Client 18 Loss: 1.8550
2026-07-21 01:20:23,573 [INFO]   Client 19 Loss: 1.6459
2026-07-21 01:20:27,019 [INFO]   Client 20 Loss: 1.6092
2026-07-21 01:20:52,332 [INFO]   Client 21 Loss: 1.2178
2026-07-21 01:21:22,971 [INFO]   Client 22 Loss: 1.2260
2026-07-21 01:21:30,501 [INFO]   Client 23 Loss: 1.7111
2026-07-21 01:21:43,898 [INFO]   Client 24 Loss: 1.5956
2026-07-21 01:21:59,223 [INFO]   Client 25 Loss: 1.4065
2026-07-21 01:22:18,183 [INFO]   Client 26 Loss: 1.3706
2026-07-21 01:22:43,033 [INFO]   Client 27 Loss: 1.3775
2026-07-21 01:22:59,475 [INFO]   Client 28 Loss: 1.4351
2026-07-21 01:23:19,592 [INFO]   Client 30 Loss: 1.3342
2026-07-21 01:23:19,920 [INFO]   Client 32 Loss: 2.2167
2026-07-21 01:23:36,086 [INFO]   Client 33 Loss: 1.4019
2026-07-21 01:23:40,320 [INFO]   Client 34 Loss: 1.4771
2026-07-21 01:23:41,260 [INFO]   Client 35 Loss: 1.8572
2026-07-21 01:23:41,375 [INFO]   Client 36 Loss: 2.0989
2026-07-21 01:23:42,201 [INFO]   Client 37 Loss: 2.0695
2026-07-21 01:24:00,155 [INFO]   Client 38 Loss: 1.2806
2026-07-21 01:24:00,469 [INFO]   Client 39 Loss: 2.1870
2026-07-21 01:24:00,502 [INFO]   Client 40 Loss: 2.2980
2026-07-21 01:24:07,108 [INFO]   Client 41 Loss: 1.5158
2026-07-21 01:24:10,747 [INFO]   Client 42 Loss: 1.5995
2026-07-21 01:24:23,363 [INFO]   Client 43 Loss: 1.3019
2026-07-21 01:24:24,113 [INFO]   Client 44 Loss: 1.7230
2026-07-21 01:24:24,365 [INFO]   Client 45 Loss: 2.2318
2026-07-21 01:24:32,545 [INFO]   Client 46 Loss: 1.6128
2026-07-21 01:24:37,782 [INFO]   Client 47 Loss: 1.5277
2026-07-21 01:24:41,767 [INFO]   Client 48 Loss: 1.6742
2026-07-21 01:24:55,203 [INFO]   Client 49 Loss: 1.5307
2026-07-21 01:26:13,702 [INFO] [Task 0 | Round 11/30 | Global 11] Acc: 92.89% | F1-Mac: 44.07% | Loss: 1.6134
2026-07-21 01:26:13,712 [INFO] 
--- Task 0, Round 12/30 (Global 12) ---
2026-07-21 01:26:23,809 [INFO]   Client 0 Loss: 1.4444
2026-07-21 01:26:31,279 [INFO]   Client 1 Loss: 1.3429
2026-07-21 01:26:40,386 [INFO]   Client 2 Loss: 1.4313
2026-07-21 01:27:08,736 [INFO]   Client 3 Loss: 1.3602
2026-07-21 01:27:13,084 [INFO]   Client 4 Loss: 1.5971
2026-07-21 01:27:42,251 [INFO]   Client 5 Loss: 1.2836
2026-07-21 01:27:55,965 [INFO]   Client 6 Loss: 1.4525
2026-07-21 01:28:06,780 [INFO]   Client 7 Loss: 1.3062
2026-07-21 01:28:13,245 [INFO]   Client 8 Loss: 1.5143
2026-07-21 01:28:15,101 [INFO]   Client 9 Loss: 1.8910
2026-07-21 01:28:16,072 [INFO]   Client 10 Loss: 2.2208
2026-07-21 01:28:17,339 [INFO]   Client 11 Loss: 1.8930
2026-07-21 01:28:23,276 [INFO]   Client 12 Loss: 1.4750
2026-07-21 01:28:29,151 [INFO]   Client 13 Loss: 1.3384
2026-07-21 01:28:29,892 [INFO]   Client 15 Loss: 2.2253
2026-07-21 01:28:42,413 [INFO]   Client 16 Loss: 1.3399
2026-07-21 01:28:53,271 [INFO]   Client 17 Loss: 1.3204
2026-07-21 01:28:54,957 [INFO]   Client 18 Loss: 1.8483
2026-07-21 01:29:22,614 [INFO]   Client 19 Loss: 1.6403
2026-07-21 01:29:26,028 [INFO]   Client 20 Loss: 1.6073
2026-07-21 01:29:51,383 [INFO]   Client 21 Loss: 1.2077
2026-07-21 01:30:21,931 [INFO]   Client 22 Loss: 1.2203
2026-07-21 01:30:29,469 [INFO]   Client 23 Loss: 1.7003
2026-07-21 01:30:42,794 [INFO]   Client 24 Loss: 1.5941
2026-07-21 01:30:58,131 [INFO]   Client 25 Loss: 1.3974
2026-07-21 01:31:17,157 [INFO]   Client 26 Loss: 1.3692
2026-07-21 01:31:42,019 [INFO]   Client 27 Loss: 1.3716
2026-07-21 01:31:58,374 [INFO]   Client 28 Loss: 1.4276
2026-07-21 01:32:18,436 [INFO]   Client 30 Loss: 1.3205
2026-07-21 01:32:18,770 [INFO]   Client 32 Loss: 2.2119
2026-07-21 01:32:34,942 [INFO]   Client 33 Loss: 1.3953
2026-07-21 01:32:39,200 [INFO]   Client 34 Loss: 1.4704
2026-07-21 01:32:40,138 [INFO]   Client 35 Loss: 1.8543
2026-07-21 01:32:40,252 [INFO]   Client 36 Loss: 2.1278
2026-07-21 01:32:41,082 [INFO]   Client 37 Loss: 2.1241
2026-07-21 01:32:59,247 [INFO]   Client 38 Loss: 1.2729
2026-07-21 01:32:59,558 [INFO]   Client 39 Loss: 2.2078
2026-07-21 01:32:59,593 [INFO]   Client 40 Loss: 2.2760
2026-07-21 01:33:06,219 [INFO]   Client 41 Loss: 1.5135
2026-07-21 01:33:09,837 [INFO]   Client 42 Loss: 1.5997
2026-07-21 01:33:22,459 [INFO]   Client 43 Loss: 1.2919
2026-07-21 01:33:23,205 [INFO]   Client 44 Loss: 1.7049
2026-07-21 01:33:23,462 [INFO]   Client 45 Loss: 2.2370
2026-07-21 01:33:31,598 [INFO]   Client 46 Loss: 1.6053
2026-07-21 01:33:36,858 [INFO]   Client 47 Loss: 1.5286
2026-07-21 01:33:40,841 [INFO]   Client 48 Loss: 1.6762
2026-07-21 01:33:54,297 [INFO]   Client 49 Loss: 1.5327
2026-07-21 01:35:12,870 [INFO] [Task 0 | Round 12/30 | Global 12] Acc: 93.03% | F1-Mac: 44.33% | Loss: 1.6122
2026-07-21 01:35:12,880 [INFO] 
--- Task 0, Round 13/30 (Global 13) ---
2026-07-21 01:35:22,943 [INFO]   Client 0 Loss: 1.4364
2026-07-21 01:35:30,401 [INFO]   Client 1 Loss: 1.3393
2026-07-21 01:35:39,484 [INFO]   Client 2 Loss: 1.4279
2026-07-21 01:36:08,322 [INFO]   Client 3 Loss: 1.3508
2026-07-21 01:36:12,653 [INFO]   Client 4 Loss: 1.5997
2026-07-21 01:36:41,904 [INFO]   Client 5 Loss: 1.2701
2026-07-21 01:36:55,651 [INFO]   Client 6 Loss: 1.4469
2026-07-21 01:37:06,450 [INFO]   Client 7 Loss: 1.2959
2026-07-21 01:37:12,947 [INFO]   Client 8 Loss: 1.5121
2026-07-21 01:37:14,802 [INFO]   Client 9 Loss: 1.8808
2026-07-21 01:37:15,780 [INFO]   Client 10 Loss: 2.2123
2026-07-21 01:37:17,066 [INFO]   Client 11 Loss: 1.8733
2026-07-21 01:37:23,007 [INFO]   Client 12 Loss: 1.4709
2026-07-21 01:37:28,882 [INFO]   Client 13 Loss: 1.3307
2026-07-21 01:37:29,628 [INFO]   Client 15 Loss: 2.2319
2026-07-21 01:37:42,144 [INFO]   Client 16 Loss: 1.3350
2026-07-21 01:37:53,021 [INFO]   Client 17 Loss: 1.3135
2026-07-21 01:37:54,717 [INFO]   Client 18 Loss: 1.8370
2026-07-21 01:38:22,194 [INFO]   Client 19 Loss: 1.6336
2026-07-21 01:38:25,607 [INFO]   Client 20 Loss: 1.6036
2026-07-21 01:38:50,960 [INFO]   Client 21 Loss: 1.1977
2026-07-21 01:39:21,755 [INFO]   Client 22 Loss: 1.2172
2026-07-21 01:39:29,320 [INFO]   Client 23 Loss: 1.6966
2026-07-21 01:39:42,770 [INFO]   Client 24 Loss: 1.6007
2026-07-21 01:39:58,131 [INFO]   Client 25 Loss: 1.3932
2026-07-21 01:40:17,074 [INFO]   Client 26 Loss: 1.3632
2026-07-21 01:40:42,004 [INFO]   Client 27 Loss: 1.3646
2026-07-21 01:40:58,450 [INFO]   Client 28 Loss: 1.4244
2026-07-21 01:41:18,643 [INFO]   Client 30 Loss: 1.3182
2026-07-21 01:41:18,986 [INFO]   Client 32 Loss: 2.2133
2026-07-21 01:41:35,279 [INFO]   Client 33 Loss: 1.3872
2026-07-21 01:41:39,570 [INFO]   Client 34 Loss: 1.4683
2026-07-21 01:41:40,499 [INFO]   Client 35 Loss: 1.8528
2026-07-21 01:41:40,616 [INFO]   Client 36 Loss: 2.1199
2026-07-21 01:41:41,443 [INFO]   Client 37 Loss: 2.1068
2026-07-21 01:41:59,373 [INFO]   Client 38 Loss: 1.2687
2026-07-21 01:41:59,685 [INFO]   Client 39 Loss: 2.2338
2026-07-21 01:41:59,717 [INFO]   Client 40 Loss: 2.2827
2026-07-21 01:42:06,334 [INFO]   Client 41 Loss: 1.5076
2026-07-21 01:42:09,956 [INFO]   Client 42 Loss: 1.5986
2026-07-21 01:42:22,572 [INFO]   Client 43 Loss: 1.2869
2026-07-21 01:42:23,317 [INFO]   Client 44 Loss: 1.7221
2026-07-21 01:42:23,567 [INFO]   Client 45 Loss: 2.2133
2026-07-21 01:42:31,751 [INFO]   Client 46 Loss: 1.6066
2026-07-21 01:42:36,975 [INFO]   Client 47 Loss: 1.5246
2026-07-21 01:42:40,994 [INFO]   Client 48 Loss: 1.6805
2026-07-21 01:42:54,508 [INFO]   Client 49 Loss: 1.5314
2026-07-21 01:44:12,858 [INFO] [Task 0 | Round 13/30 | Global 13] Acc: 93.01% | F1-Mac: 44.27% | Loss: 1.6081
2026-07-21 01:44:12,869 [INFO] 
--- Task 0, Round 14/30 (Global 14) ---
2026-07-21 01:44:22,856 [INFO]   Client 0 Loss: 1.4338
2026-07-21 01:44:30,293 [INFO]   Client 1 Loss: 1.3328
2026-07-21 01:44:39,352 [INFO]   Client 2 Loss: 1.4192
2026-07-21 01:45:08,064 [INFO]   Client 3 Loss: 1.3439
2026-07-21 01:45:12,417 [INFO]   Client 4 Loss: 1.5911
2026-07-21 01:45:41,520 [INFO]   Client 5 Loss: 1.2634
2026-07-21 01:45:55,262 [INFO]   Client 6 Loss: 1.4431
2026-07-21 01:46:06,051 [INFO]   Client 7 Loss: 1.2901
2026-07-21 01:46:12,535 [INFO]   Client 8 Loss: 1.5092
2026-07-21 01:46:14,403 [INFO]   Client 9 Loss: 1.8774
2026-07-21 01:46:15,395 [INFO]   Client 10 Loss: 2.2284
2026-07-21 01:46:16,681 [INFO]   Client 11 Loss: 1.8735
2026-07-21 01:46:22,584 [INFO]   Client 12 Loss: 1.4707
2026-07-21 01:46:28,498 [INFO]   Client 13 Loss: 1.3265
2026-07-21 01:46:29,236 [INFO]   Client 15 Loss: 2.2393
2026-07-21 01:46:41,634 [INFO]   Client 16 Loss: 1.3340
2026-07-21 01:46:52,529 [INFO]   Client 17 Loss: 1.3096
2026-07-21 01:46:54,223 [INFO]   Client 18 Loss: 1.8408
2026-07-21 01:47:21,587 [INFO]   Client 19 Loss: 1.6245
2026-07-21 01:47:24,981 [INFO]   Client 20 Loss: 1.5994
2026-07-21 01:47:50,410 [INFO]   Client 21 Loss: 1.1940
2026-07-21 01:48:20,869 [INFO]   Client 22 Loss: 1.2156
2026-07-21 01:48:28,371 [INFO]   Client 23 Loss: 1.6882
2026-07-21 01:48:41,697 [INFO]   Client 24 Loss: 1.6019
2026-07-21 01:48:56,974 [INFO]   Client 25 Loss: 1.3858
2026-07-21 01:49:15,878 [INFO]   Client 26 Loss: 1.3669
2026-07-21 01:49:40,773 [INFO]   Client 27 Loss: 1.3588
2026-07-21 01:49:57,127 [INFO]   Client 28 Loss: 1.4196
2026-07-21 01:50:17,190 [INFO]   Client 30 Loss: 1.3064
2026-07-21 01:50:17,520 [INFO]   Client 32 Loss: 2.2361
2026-07-21 01:50:33,627 [INFO]   Client 33 Loss: 1.3792
2026-07-21 01:50:37,869 [INFO]   Client 34 Loss: 1.4702
2026-07-21 01:50:38,801 [INFO]   Client 35 Loss: 1.8438
2026-07-21 01:50:38,919 [INFO]   Client 36 Loss: 2.1113
2026-07-21 01:50:39,746 [INFO]   Client 37 Loss: 2.0922
2026-07-21 01:50:57,643 [INFO]   Client 38 Loss: 1.2588
2026-07-21 01:50:57,964 [INFO]   Client 39 Loss: 2.2037
2026-07-21 01:50:57,999 [INFO]   Client 40 Loss: 2.1405
2026-07-21 01:51:04,631 [INFO]   Client 41 Loss: 1.4989
2026-07-21 01:51:08,252 [INFO]   Client 42 Loss: 1.5989
2026-07-21 01:51:20,838 [INFO]   Client 43 Loss: 1.2815
2026-07-21 01:51:21,592 [INFO]   Client 44 Loss: 1.7057
2026-07-21 01:51:21,844 [INFO]   Client 45 Loss: 2.2142
2026-07-21 01:51:29,994 [INFO]   Client 46 Loss: 1.5992
2026-07-21 01:51:35,199 [INFO]   Client 47 Loss: 1.5249
2026-07-21 01:51:39,200 [INFO]   Client 48 Loss: 1.6798
2026-07-21 01:51:52,606 [INFO]   Client 49 Loss: 1.5280
2026-07-21 01:53:11,297 [INFO] [Task 0 | Round 14/30 | Global 14] Acc: 92.93% | F1-Mac: 44.16% | Loss: 1.6012
2026-07-21 01:53:11,308 [INFO] 
--- Task 0, Round 15/30 (Global 15) ---
2026-07-21 01:53:21,327 [INFO]   Client 0 Loss: 1.4359
2026-07-21 01:53:28,740 [INFO]   Client 1 Loss: 1.3283
2026-07-21 01:53:37,825 [INFO]   Client 2 Loss: 1.4112
2026-07-21 01:54:06,316 [INFO]   Client 3 Loss: 1.3398
2026-07-21 01:54:10,649 [INFO]   Client 4 Loss: 1.5848
2026-07-21 01:54:39,966 [INFO]   Client 5 Loss: 1.2562
2026-07-21 01:54:53,778 [INFO]   Client 6 Loss: 1.4400
2026-07-21 01:55:04,557 [INFO]   Client 7 Loss: 1.2906
2026-07-21 01:55:11,075 [INFO]   Client 8 Loss: 1.5070
2026-07-21 01:55:12,937 [INFO]   Client 9 Loss: 1.8766
2026-07-21 01:55:13,913 [INFO]   Client 10 Loss: 2.2021
2026-07-21 01:55:15,198 [INFO]   Client 11 Loss: 1.8574
2026-07-21 01:55:21,144 [INFO]   Client 12 Loss: 1.4664
2026-07-21 01:55:27,041 [INFO]   Client 13 Loss: 1.3186
2026-07-21 01:55:27,782 [INFO]   Client 15 Loss: 2.2393
2026-07-21 01:55:40,249 [INFO]   Client 16 Loss: 1.3285
2026-07-21 01:55:51,095 [INFO]   Client 17 Loss: 1.3022
2026-07-21 01:55:52,780 [INFO]   Client 18 Loss: 1.8272
2026-07-21 01:56:20,454 [INFO]   Client 19 Loss: 1.6089
2026-07-21 01:56:23,870 [INFO]   Client 20 Loss: 1.5994
2026-07-21 01:56:49,338 [INFO]   Client 21 Loss: 1.1852
2026-07-21 01:57:20,024 [INFO]   Client 22 Loss: 1.2099
2026-07-21 01:57:27,591 [INFO]   Client 23 Loss: 1.6812
2026-07-21 01:57:40,995 [INFO]   Client 24 Loss: 1.6057
2026-07-21 01:57:56,330 [INFO]   Client 25 Loss: 1.3781
2026-07-21 01:58:15,366 [INFO]   Client 26 Loss: 1.3641
2026-07-21 01:58:40,304 [INFO]   Client 27 Loss: 1.3539
2026-07-21 01:58:56,636 [INFO]   Client 28 Loss: 1.4143
2026-07-21 01:59:16,775 [INFO]   Client 30 Loss: 1.2934
2026-07-21 01:59:17,105 [INFO]   Client 32 Loss: 2.2392
2026-07-21 01:59:33,246 [INFO]   Client 33 Loss: 1.3733
2026-07-21 01:59:37,478 [INFO]   Client 34 Loss: 1.4610
2026-07-21 01:59:38,408 [INFO]   Client 35 Loss: 1.8468
2026-07-21 01:59:38,524 [INFO]   Client 36 Loss: 2.1011
2026-07-21 01:59:39,352 [INFO]   Client 37 Loss: 2.1007
2026-07-21 01:59:57,294 [INFO]   Client 38 Loss: 1.2573
2026-07-21 01:59:57,614 [INFO]   Client 39 Loss: 2.2253
2026-07-21 01:59:57,647 [INFO]   Client 40 Loss: 2.2352
2026-07-21 02:00:04,234 [INFO]   Client 41 Loss: 1.4913
2026-07-21 02:00:07,864 [INFO]   Client 42 Loss: 1.5945
2026-07-21 02:00:20,587 [INFO]   Client 43 Loss: 1.2737
2026-07-21 02:00:21,334 [INFO]   Client 44 Loss: 1.7173
2026-07-21 02:00:21,585 [INFO]   Client 45 Loss: 2.2220
2026-07-21 02:00:29,751 [INFO]   Client 46 Loss: 1.6016
2026-07-21 02:00:34,993 [INFO]   Client 47 Loss: 1.5255
2026-07-21 02:00:38,983 [INFO]   Client 48 Loss: 1.6812
2026-07-21 02:00:52,412 [INFO]   Client 49 Loss: 1.5259
2026-07-21 02:02:11,195 [INFO] [Task 0 | Round 15/30 | Global 15] Acc: 93.03% | F1-Mac: 44.36% | Loss: 1.5996
2026-07-21 02:02:11,206 [INFO] 
--- Task 0, Round 16/30 (Global 16) ---
2026-07-21 02:02:21,208 [INFO]   Client 0 Loss: 1.4287
2026-07-21 02:02:28,647 [INFO]   Client 1 Loss: 1.3259
2026-07-21 02:02:37,732 [INFO]   Client 2 Loss: 1.4049
2026-07-21 02:03:06,367 [INFO]   Client 3 Loss: 1.3337
2026-07-21 02:03:10,691 [INFO]   Client 4 Loss: 1.5870
2026-07-21 02:03:39,811 [INFO]   Client 5 Loss: 1.2462
2026-07-21 02:03:53,486 [INFO]   Client 6 Loss: 1.4391
2026-07-21 02:04:04,271 [INFO]   Client 7 Loss: 1.2826
2026-07-21 02:04:10,750 [INFO]   Client 8 Loss: 1.5060
2026-07-21 02:04:12,605 [INFO]   Client 9 Loss: 1.8626
2026-07-21 02:04:13,587 [INFO]   Client 10 Loss: 2.2140
2026-07-21 02:04:14,866 [INFO]   Client 11 Loss: 1.8575
2026-07-21 02:04:20,784 [INFO]   Client 12 Loss: 1.4606
2026-07-21 02:04:26,664 [INFO]   Client 13 Loss: 1.3116
2026-07-21 02:04:27,400 [INFO]   Client 15 Loss: 2.2477
2026-07-21 02:04:39,882 [INFO]   Client 16 Loss: 1.3260
2026-07-21 02:04:50,721 [INFO]   Client 17 Loss: 1.2993
2026-07-21 02:04:52,420 [INFO]   Client 18 Loss: 1.8281
2026-07-21 02:05:19,883 [INFO]   Client 19 Loss: 1.6209
2026-07-21 02:05:23,267 [INFO]   Client 20 Loss: 1.6027
2026-07-21 02:05:48,662 [INFO]   Client 21 Loss: 1.1849
2026-07-21 02:06:19,285 [INFO]   Client 22 Loss: 1.2083
2026-07-21 02:06:26,809 [INFO]   Client 23 Loss: 1.6810
2026-07-21 02:06:40,166 [INFO]   Client 24 Loss: 1.6063
2026-07-21 02:06:55,520 [INFO]   Client 25 Loss: 1.3747
2026-07-21 02:07:14,477 [INFO]   Client 26 Loss: 1.3576
2026-07-21 02:07:39,215 [INFO]   Client 27 Loss: 1.3482
2026-07-21 02:07:55,564 [INFO]   Client 28 Loss: 1.4082
2026-07-21 02:08:15,687 [INFO]   Client 30 Loss: 1.2863
2026-07-21 02:08:16,040 [INFO]   Client 32 Loss: 2.2279
2026-07-21 02:08:32,224 [INFO]   Client 33 Loss: 1.3688
2026-07-21 02:08:36,481 [INFO]   Client 34 Loss: 1.4638
2026-07-21 02:08:37,418 [INFO]   Client 35 Loss: 1.8544
2026-07-21 02:08:37,533 [INFO]   Client 36 Loss: 2.1288
2026-07-21 02:08:38,364 [INFO]   Client 37 Loss: 2.0980
2026-07-21 02:08:56,347 [INFO]   Client 38 Loss: 1.2516
2026-07-21 02:08:56,656 [INFO]   Client 39 Loss: 2.2105
2026-07-21 02:08:56,690 [INFO]   Client 40 Loss: 2.2001
2026-07-21 02:09:03,291 [INFO]   Client 41 Loss: 1.4839
2026-07-21 02:09:06,918 [INFO]   Client 42 Loss: 1.5853
2026-07-21 02:09:19,592 [INFO]   Client 43 Loss: 1.2758
2026-07-21 02:09:20,346 [INFO]   Client 44 Loss: 1.7249
2026-07-21 02:09:20,597 [INFO]   Client 45 Loss: 2.2667
2026-07-21 02:09:28,817 [INFO]   Client 46 Loss: 1.5912
2026-07-21 02:09:34,034 [INFO]   Client 47 Loss: 1.5189
2026-07-21 02:09:38,028 [INFO]   Client 48 Loss: 1.6836
2026-07-21 02:09:51,503 [INFO]   Client 49 Loss: 1.5241
2026-07-21 02:11:10,346 [INFO] [Task 0 | Round 16/30 | Global 16] Acc: 93.19% | F1-Mac: 44.73% | Loss: 1.5978
2026-07-21 02:11:10,357 [INFO] 
--- Task 0, Round 17/30 (Global 17) ---
2026-07-21 02:11:20,380 [INFO]   Client 0 Loss: 1.4271
2026-07-21 02:11:27,818 [INFO]   Client 1 Loss: 1.3194
2026-07-21 02:11:36,881 [INFO]   Client 2 Loss: 1.3994
2026-07-21 02:12:05,561 [INFO]   Client 3 Loss: 1.3262
2026-07-21 02:12:09,932 [INFO]   Client 4 Loss: 1.5741
2026-07-21 02:12:39,037 [INFO]   Client 5 Loss: 1.2439
2026-07-21 02:12:52,826 [INFO]   Client 6 Loss: 1.4383
2026-07-21 02:13:03,627 [INFO]   Client 7 Loss: 1.2752
2026-07-21 02:13:10,169 [INFO]   Client 8 Loss: 1.5016
2026-07-21 02:13:12,027 [INFO]   Client 9 Loss: 1.8695
2026-07-21 02:13:12,996 [INFO]   Client 10 Loss: 2.2390
2026-07-21 02:13:14,264 [INFO]   Client 11 Loss: 1.8695
2026-07-21 02:13:20,139 [INFO]   Client 12 Loss: 1.4598
2026-07-21 02:13:26,057 [INFO]   Client 13 Loss: 1.3130
2026-07-21 02:13:26,790 [INFO]   Client 15 Loss: 2.2551
2026-07-21 02:13:39,214 [INFO]   Client 16 Loss: 1.3242
2026-07-21 02:13:50,077 [INFO]   Client 17 Loss: 1.2963
2026-07-21 02:13:51,758 [INFO]   Client 18 Loss: 1.8238
2026-07-21 02:14:19,286 [INFO]   Client 19 Loss: 1.6050
2026-07-21 02:14:22,681 [INFO]   Client 20 Loss: 1.5950
2026-07-21 02:14:48,126 [INFO]   Client 21 Loss: 1.1738
2026-07-21 02:15:18,688 [INFO]   Client 22 Loss: 1.2021
2026-07-21 02:15:26,182 [INFO]   Client 23 Loss: 1.6692
2026-07-21 02:15:39,526 [INFO]   Client 24 Loss: 1.6090
2026-07-21 02:15:54,857 [INFO]   Client 25 Loss: 1.3703
2026-07-21 02:16:13,743 [INFO]   Client 26 Loss: 1.3575
2026-07-21 02:16:38,499 [INFO]   Client 27 Loss: 1.3463
2026-07-21 02:16:54,905 [INFO]   Client 28 Loss: 1.4030
2026-07-21 02:17:14,940 [INFO]   Client 30 Loss: 1.2805
2026-07-21 02:17:15,266 [INFO]   Client 32 Loss: 2.2475
2026-07-21 02:17:31,473 [INFO]   Client 33 Loss: 1.3610
2026-07-21 02:17:35,708 [INFO]   Client 34 Loss: 1.4591
2026-07-21 02:17:36,670 [INFO]   Client 35 Loss: 1.8488
2026-07-21 02:17:36,786 [INFO]   Client 36 Loss: 2.1087
2026-07-21 02:17:37,613 [INFO]   Client 37 Loss: 2.0972
2026-07-21 02:17:55,599 [INFO]   Client 38 Loss: 1.2494
2026-07-21 02:17:55,910 [INFO]   Client 39 Loss: 2.2703
2026-07-21 02:17:55,943 [INFO]   Client 40 Loss: 2.0963
2026-07-21 02:18:02,537 [INFO]   Client 41 Loss: 1.4849
2026-07-21 02:18:06,181 [INFO]   Client 42 Loss: 1.5855
2026-07-21 02:18:18,775 [INFO]   Client 43 Loss: 1.2711
2026-07-21 02:18:19,524 [INFO]   Client 44 Loss: 1.7075
2026-07-21 02:18:19,774 [INFO]   Client 45 Loss: 2.2811
2026-07-21 02:18:27,949 [INFO]   Client 46 Loss: 1.5932
2026-07-21 02:18:33,129 [INFO]   Client 47 Loss: 1.5178
2026-07-21 02:18:37,128 [INFO]   Client 48 Loss: 1.6815
2026-07-21 02:18:50,570 [INFO]   Client 49 Loss: 1.5229
2026-07-21 02:20:09,182 [INFO] [Task 0 | Round 17/30 | Global 17] Acc: 93.32% | F1-Mac: 45.07% | Loss: 1.5947
2026-07-21 02:20:09,194 [INFO] 
--- Task 0, Round 18/30 (Global 18) ---
2026-07-21 02:20:19,276 [INFO]   Client 0 Loss: 1.4236
2026-07-21 02:20:26,746 [INFO]   Client 1 Loss: 1.3109
2026-07-21 02:20:35,831 [INFO]   Client 2 Loss: 1.3953
2026-07-21 02:21:04,407 [INFO]   Client 3 Loss: 1.3214
2026-07-21 02:21:08,776 [INFO]   Client 4 Loss: 1.5736
2026-07-21 02:21:37,893 [INFO]   Client 5 Loss: 1.2347
2026-07-21 02:21:51,612 [INFO]   Client 6 Loss: 1.4324
2026-07-21 02:22:02,454 [INFO]   Client 7 Loss: 1.2777
2026-07-21 02:22:08,940 [INFO]   Client 8 Loss: 1.4946
2026-07-21 02:22:10,789 [INFO]   Client 9 Loss: 1.8582
2026-07-21 02:22:11,761 [INFO]   Client 10 Loss: 2.2485
2026-07-21 02:22:13,048 [INFO]   Client 11 Loss: 1.8767
2026-07-21 02:22:18,954 [INFO]   Client 12 Loss: 1.4545
2026-07-21 02:22:24,865 [INFO]   Client 13 Loss: 1.3035
2026-07-21 02:22:25,603 [INFO]   Client 15 Loss: 2.2554
2026-07-21 02:22:38,124 [INFO]   Client 16 Loss: 1.3221
2026-07-21 02:22:48,964 [INFO]   Client 17 Loss: 1.2914
2026-07-21 02:22:50,678 [INFO]   Client 18 Loss: 1.8138
2026-07-21 02:23:18,172 [INFO]   Client 19 Loss: 1.6166
2026-07-21 02:23:21,545 [INFO]   Client 20 Loss: 1.5960
2026-07-21 02:23:46,907 [INFO]   Client 21 Loss: 1.1678
2026-07-21 02:24:17,358 [INFO]   Client 22 Loss: 1.1982
2026-07-21 02:24:24,869 [INFO]   Client 23 Loss: 1.6690
2026-07-21 02:24:38,265 [INFO]   Client 24 Loss: 1.6124
2026-07-21 02:24:53,566 [INFO]   Client 25 Loss: 1.3644
2026-07-21 02:25:12,579 [INFO]   Client 26 Loss: 1.3536
2026-07-21 02:25:37,484 [INFO]   Client 27 Loss: 1.3400
2026-07-21 02:25:53,851 [INFO]   Client 28 Loss: 1.4018
2026-07-21 02:26:13,925 [INFO]   Client 30 Loss: 1.2759
2026-07-21 02:26:14,250 [INFO]   Client 32 Loss: 2.2539
2026-07-21 02:26:30,521 [INFO]   Client 33 Loss: 1.3573
2026-07-21 02:26:34,763 [INFO]   Client 34 Loss: 1.4624
2026-07-21 02:26:35,695 [INFO]   Client 35 Loss: 1.8496
2026-07-21 02:26:35,821 [INFO]   Client 36 Loss: 2.0985
2026-07-21 02:26:36,658 [INFO]   Client 37 Loss: 2.1116
2026-07-21 02:26:54,684 [INFO]   Client 38 Loss: 1.2472
2026-07-21 02:26:54,998 [INFO]   Client 39 Loss: 2.1985
2026-07-21 02:26:55,033 [INFO]   Client 40 Loss: 2.4249
2026-07-21 02:27:01,668 [INFO]   Client 41 Loss: 1.4783
2026-07-21 02:27:05,316 [INFO]   Client 42 Loss: 1.5787
2026-07-21 02:27:17,907 [INFO]   Client 43 Loss: 1.2625
2026-07-21 02:27:18,660 [INFO]   Client 44 Loss: 1.7122
2026-07-21 02:27:18,912 [INFO]   Client 45 Loss: 2.2455
2026-07-21 02:27:27,082 [INFO]   Client 46 Loss: 1.5941
2026-07-21 02:27:32,308 [INFO]   Client 47 Loss: 1.5131
2026-07-21 02:27:36,284 [INFO]   Client 48 Loss: 1.6832
2026-07-21 02:27:49,719 [INFO]   Client 49 Loss: 1.5217
2026-07-21 02:29:08,359 [INFO] [Task 0 | Round 18/30 | Global 18] Acc: 93.29% | F1-Mac: 45.17% | Loss: 1.5974
2026-07-21 02:29:08,370 [INFO] 
--- Task 0, Round 19/30 (Global 19) ---
2026-07-21 02:29:18,325 [INFO]   Client 0 Loss: 1.4190
2026-07-21 02:29:25,791 [INFO]   Client 1 Loss: 1.3162
2026-07-21 02:29:34,847 [INFO]   Client 2 Loss: 1.3861
2026-07-21 02:30:03,469 [INFO]   Client 3 Loss: 1.3147
2026-07-21 02:30:07,811 [INFO]   Client 4 Loss: 1.5688
2026-07-21 02:30:37,073 [INFO]   Client 5 Loss: 1.2314
2026-07-21 02:30:50,887 [INFO]   Client 6 Loss: 1.4353
2026-07-21 02:31:01,668 [INFO]   Client 7 Loss: 1.2691
2026-07-21 02:31:08,190 [INFO]   Client 8 Loss: 1.4961
2026-07-21 02:31:10,043 [INFO]   Client 9 Loss: 1.8549
2026-07-21 02:31:11,016 [INFO]   Client 10 Loss: 2.2519
2026-07-21 02:31:12,300 [INFO]   Client 11 Loss: 1.8818
2026-07-21 02:31:18,200 [INFO]   Client 12 Loss: 1.4469
2026-07-21 02:31:24,135 [INFO]   Client 13 Loss: 1.3014
2026-07-21 02:31:24,885 [INFO]   Client 15 Loss: 2.2557
2026-07-21 02:31:37,399 [INFO]   Client 16 Loss: 1.3183
2026-07-21 02:31:48,276 [INFO]   Client 17 Loss: 1.2888
2026-07-21 02:31:49,968 [INFO]   Client 18 Loss: 1.8202
2026-07-21 02:32:17,403 [INFO]   Client 19 Loss: 1.5974
2026-07-21 02:32:20,791 [INFO]   Client 20 Loss: 1.5851
2026-07-21 02:32:46,151 [INFO]   Client 21 Loss: 1.1628
2026-07-21 02:33:16,645 [INFO]   Client 22 Loss: 1.1926
2026-07-21 02:33:24,174 [INFO]   Client 23 Loss: 1.6620
2026-07-21 02:33:37,590 [INFO]   Client 24 Loss: 1.6134
2026-07-21 02:33:52,890 [INFO]   Client 25 Loss: 1.3615
2026-07-21 02:34:11,898 [INFO]   Client 26 Loss: 1.3529
2026-07-21 02:34:36,644 [INFO]   Client 27 Loss: 1.3327
2026-07-21 02:34:53,078 [INFO]   Client 28 Loss: 1.3969
2026-07-21 02:35:13,153 [INFO]   Client 30 Loss: 1.2659
2026-07-21 02:35:13,490 [INFO]   Client 32 Loss: 2.2526
2026-07-21 02:35:29,656 [INFO]   Client 33 Loss: 1.3519
2026-07-21 02:35:33,892 [INFO]   Client 34 Loss: 1.4510
2026-07-21 02:35:34,827 [INFO]   Client 35 Loss: 1.8625
2026-07-21 02:35:34,945 [INFO]   Client 36 Loss: 2.1123
2026-07-21 02:35:35,773 [INFO]   Client 37 Loss: 2.1112
2026-07-21 02:35:53,784 [INFO]   Client 38 Loss: 1.2413
2026-07-21 02:35:54,103 [INFO]   Client 39 Loss: 2.2285
2026-07-21 02:35:54,136 [INFO]   Client 40 Loss: 2.3436
2026-07-21 02:36:00,762 [INFO]   Client 41 Loss: 1.4743
2026-07-21 02:36:04,416 [INFO]   Client 42 Loss: 1.5847
2026-07-21 02:36:17,065 [INFO]   Client 43 Loss: 1.2592
2026-07-21 02:36:17,820 [INFO]   Client 44 Loss: 1.7182
2026-07-21 02:36:18,071 [INFO]   Client 45 Loss: 2.2619
2026-07-21 02:36:26,184 [INFO]   Client 46 Loss: 1.5922
2026-07-21 02:36:31,414 [INFO]   Client 47 Loss: 1.5175
2026-07-21 02:36:35,386 [INFO]   Client 48 Loss: 1.6836
2026-07-21 02:36:48,802 [INFO]   Client 49 Loss: 1.5189
2026-07-21 02:38:07,401 [INFO] [Task 0 | Round 19/30 | Global 19] Acc: 93.34% | F1-Mac: 45.56% | Loss: 1.5946
2026-07-21 02:38:07,412 [INFO] 
--- Task 0, Round 20/30 (Global 20) ---
2026-07-21 02:38:17,466 [INFO]   Client 0 Loss: 1.4215
2026-07-21 02:38:24,902 [INFO]   Client 1 Loss: 1.3124
2026-07-21 02:38:34,001 [INFO]   Client 2 Loss: 1.3819
2026-07-21 02:39:02,614 [INFO]   Client 3 Loss: 1.3103
2026-07-21 02:39:06,950 [INFO]   Client 4 Loss: 1.5629
2026-07-21 02:39:36,073 [INFO]   Client 5 Loss: 1.2229
2026-07-21 02:39:49,759 [INFO]   Client 6 Loss: 1.4306
2026-07-21 02:40:00,639 [INFO]   Client 7 Loss: 1.2638
2026-07-21 02:40:07,162 [INFO]   Client 8 Loss: 1.4970
2026-07-21 02:40:09,031 [INFO]   Client 9 Loss: 1.8497
2026-07-21 02:40:10,004 [INFO]   Client 10 Loss: 2.2589
2026-07-21 02:40:11,297 [INFO]   Client 11 Loss: 1.8911
2026-07-21 02:40:17,239 [INFO]   Client 12 Loss: 1.4495
2026-07-21 02:40:23,171 [INFO]   Client 13 Loss: 1.2981
2026-07-21 02:40:23,917 [INFO]   Client 15 Loss: 2.2724
2026-07-21 02:40:36,535 [INFO]   Client 16 Loss: 1.3147
2026-07-21 02:40:47,509 [INFO]   Client 17 Loss: 1.2834
2026-07-21 02:40:49,218 [INFO]   Client 18 Loss: 1.8029
2026-07-21 02:41:17,247 [INFO]   Client 19 Loss: 1.5808
2026-07-21 02:41:20,729 [INFO]   Client 20 Loss: 1.5890
2026-07-21 02:41:46,874 [INFO]   Client 21 Loss: 1.1631
2026-07-21 02:42:18,181 [INFO]   Client 22 Loss: 1.1923
2026-07-21 02:42:25,886 [INFO]   Client 23 Loss: 1.6682
2026-07-21 02:42:39,580 [INFO]   Client 24 Loss: 1.6153
2026-07-21 02:42:55,226 [INFO]   Client 25 Loss: 1.3538
2026-07-21 02:43:14,612 [INFO]   Client 26 Loss: 1.3546
2026-07-21 02:43:39,889 [INFO]   Client 27 Loss: 1.3298
2026-07-21 02:43:56,459 [INFO]   Client 28 Loss: 1.3954
2026-07-21 02:44:16,692 [INFO]   Client 30 Loss: 1.2579
2026-07-21 02:44:17,020 [INFO]   Client 32 Loss: 2.2542
2026-07-21 02:44:33,352 [INFO]   Client 33 Loss: 1.3489
2026-07-21 02:44:37,613 [INFO]   Client 34 Loss: 1.4549
2026-07-21 02:44:38,545 [INFO]   Client 35 Loss: 1.8559
2026-07-21 02:44:38,667 [INFO]   Client 36 Loss: 2.1082
2026-07-21 02:44:39,495 [INFO]   Client 37 Loss: 2.1138
2026-07-21 02:44:57,642 [INFO]   Client 38 Loss: 1.2368
2026-07-21 02:44:57,956 [INFO]   Client 39 Loss: 2.2367
2026-07-21 02:44:57,992 [INFO]   Client 40 Loss: 2.2488
2026-07-21 02:45:04,603 [INFO]   Client 41 Loss: 1.4729
2026-07-21 02:45:08,236 [INFO]   Client 42 Loss: 1.5823
2026-07-21 02:45:20,967 [INFO]   Client 43 Loss: 1.2545
2026-07-21 02:45:21,722 [INFO]   Client 44 Loss: 1.7077
2026-07-21 02:45:21,975 [INFO]   Client 45 Loss: 2.2773
2026-07-21 02:45:30,259 [INFO]   Client 46 Loss: 1.5878
2026-07-21 02:45:35,526 [INFO]   Client 47 Loss: 1.5099
2026-07-21 02:45:39,537 [INFO]   Client 48 Loss: 1.6878
2026-07-21 02:45:53,041 [INFO]   Client 49 Loss: 1.5186
2026-07-21 02:47:13,124 [INFO] [Task 0 | Round 20/30 | Global 20] Acc: 93.39% | F1-Mac: 46.09% | Loss: 1.5911
2026-07-21 02:47:13,136 [INFO] 
--- Task 0, Round 21/30 (Global 21) ---
2026-07-21 02:47:23,203 [INFO]   Client 0 Loss: 1.4170
2026-07-21 02:47:30,692 [INFO]   Client 1 Loss: 1.3058
2026-07-21 02:47:39,799 [INFO]   Client 2 Loss: 1.3823
2026-07-21 02:48:08,385 [INFO]   Client 3 Loss: 1.3076
2026-07-21 02:48:12,718 [INFO]   Client 4 Loss: 1.5630
2026-07-21 02:48:42,059 [INFO]   Client 5 Loss: 1.2206
2026-07-21 02:48:55,926 [INFO]   Client 6 Loss: 1.4299
2026-07-21 02:49:06,842 [INFO]   Client 7 Loss: 1.2668
2026-07-21 02:49:13,366 [INFO]   Client 8 Loss: 1.4919
2026-07-21 02:49:15,230 [INFO]   Client 9 Loss: 1.8436
2026-07-21 02:49:16,204 [INFO]   Client 10 Loss: 2.2582
2026-07-21 02:49:17,488 [INFO]   Client 11 Loss: 1.8936
2026-07-21 02:49:23,448 [INFO]   Client 12 Loss: 1.4438
2026-07-21 02:49:29,365 [INFO]   Client 13 Loss: 1.2957
2026-07-21 02:49:30,106 [INFO]   Client 15 Loss: 2.2806
2026-07-21 02:49:42,685 [INFO]   Client 16 Loss: 1.3117
2026-07-21 02:49:53,599 [INFO]   Client 17 Loss: 1.2814
2026-07-21 02:49:55,315 [INFO]   Client 18 Loss: 1.8022
2026-07-21 02:50:22,994 [INFO]   Client 19 Loss: 1.5867
2026-07-21 02:50:26,405 [INFO]   Client 20 Loss: 1.5806
2026-07-21 02:50:51,938 [INFO]   Client 21 Loss: 1.1560
2026-07-21 02:51:22,533 [INFO]   Client 22 Loss: 1.1850
2026-07-21 02:51:30,113 [INFO]   Client 23 Loss: 1.6606
2026-07-21 02:51:43,537 [INFO]   Client 24 Loss: 1.6174
2026-07-21 02:51:58,927 [INFO]   Client 25 Loss: 1.3524
2026-07-21 02:52:18,211 [INFO]   Client 26 Loss: 1.3552
2026-07-21 02:52:43,212 [INFO]   Client 27 Loss: 1.3255
2026-07-21 02:52:59,633 [INFO]   Client 28 Loss: 1.3905
2026-07-21 02:53:19,820 [INFO]   Client 30 Loss: 1.2551
2026-07-21 02:53:20,153 [INFO]   Client 32 Loss: 2.2559
2026-07-21 02:53:36,544 [INFO]   Client 33 Loss: 1.3388
2026-07-21 02:53:40,811 [INFO]   Client 34 Loss: 1.4531
2026-07-21 02:53:41,747 [INFO]   Client 35 Loss: 1.8711
2026-07-21 02:53:41,864 [INFO]   Client 36 Loss: 2.1272
2026-07-21 02:53:42,690 [INFO]   Client 37 Loss: 2.0987
2026-07-21 02:54:00,919 [INFO]   Client 38 Loss: 1.2342
2026-07-21 02:54:01,235 [INFO]   Client 39 Loss: 2.2147
2026-07-21 02:54:01,271 [INFO]   Client 40 Loss: 2.2287
2026-07-21 02:54:07,968 [INFO]   Client 41 Loss: 1.4645
2026-07-21 02:54:11,628 [INFO]   Client 42 Loss: 1.5825
2026-07-21 02:54:24,452 [INFO]   Client 43 Loss: 1.2524
2026-07-21 02:54:25,197 [INFO]   Client 44 Loss: 1.7117
2026-07-21 02:54:25,454 [INFO]   Client 45 Loss: 2.2767
2026-07-21 02:54:33,667 [INFO]   Client 46 Loss: 1.5875
2026-07-21 02:54:38,981 [INFO]   Client 47 Loss: 1.5110
2026-07-21 02:54:43,002 [INFO]   Client 48 Loss: 1.6848
2026-07-21 02:54:56,515 [INFO]   Client 49 Loss: 1.5175
2026-07-21 02:56:18,219 [INFO] [Task 0 | Round 21/30 | Global 21] Acc: 93.46% | F1-Mac: 46.41% | Loss: 1.5888
2026-07-21 02:56:18,230 [INFO] 
--- Task 0, Round 22/30 (Global 22) ---
2026-07-21 02:56:28,366 [INFO]   Client 0 Loss: 1.4152
2026-07-21 02:56:35,858 [INFO]   Client 1 Loss: 1.3022
2026-07-21 02:56:45,015 [INFO]   Client 2 Loss: 1.3692
2026-07-21 02:57:13,991 [INFO]   Client 3 Loss: 1.3018
2026-07-21 02:57:18,429 [INFO]   Client 4 Loss: 1.5588
2026-07-21 02:57:47,758 [INFO]   Client 5 Loss: 1.2125
2026-07-21 02:58:01,569 [INFO]   Client 6 Loss: 1.4321
2026-07-21 02:58:12,455 [INFO]   Client 7 Loss: 1.2585
2026-07-21 02:58:18,997 [INFO]   Client 8 Loss: 1.4932
2026-07-21 02:58:20,868 [INFO]   Client 9 Loss: 1.8417
2026-07-21 02:58:21,846 [INFO]   Client 10 Loss: 2.2417
2026-07-21 02:58:23,147 [INFO]   Client 11 Loss: 1.8568
2026-07-21 02:58:29,125 [INFO]   Client 12 Loss: 1.4369
2026-07-21 02:58:35,033 [INFO]   Client 13 Loss: 1.2863
2026-07-21 02:58:35,783 [INFO]   Client 15 Loss: 2.2742
2026-07-21 02:58:48,534 [INFO]   Client 16 Loss: 1.3131
2026-07-21 02:58:59,516 [INFO]   Client 17 Loss: 1.2807
2026-07-21 02:59:01,220 [INFO]   Client 18 Loss: 1.8008
2026-07-21 02:59:29,044 [INFO]   Client 19 Loss: 1.5746
2026-07-21 02:59:32,473 [INFO]   Client 20 Loss: 1.5825
2026-07-21 02:59:58,119 [INFO]   Client 21 Loss: 1.1516
2026-07-21 03:00:29,030 [INFO]   Client 22 Loss: 1.1832
2026-07-21 03:00:36,651 [INFO]   Client 23 Loss: 1.6503
2026-07-21 03:00:50,094 [INFO]   Client 24 Loss: 1.6168
2026-07-21 03:01:05,489 [INFO]   Client 25 Loss: 1.3474
2026-07-21 03:01:24,565 [INFO]   Client 26 Loss: 1.3511
2026-07-21 03:01:49,403 [INFO]   Client 27 Loss: 1.3211
2026-07-21 03:02:05,866 [INFO]   Client 28 Loss: 1.3858
2026-07-21 03:02:25,993 [INFO]   Client 30 Loss: 1.2471
2026-07-21 03:02:26,330 [INFO]   Client 32 Loss: 2.2680
2026-07-21 03:02:42,613 [INFO]   Client 33 Loss: 1.3363
2026-07-21 03:02:46,856 [INFO]   Client 34 Loss: 1.4588
2026-07-21 03:02:47,788 [INFO]   Client 35 Loss: 1.8612
2026-07-21 03:02:47,903 [INFO]   Client 36 Loss: 2.0979
2026-07-21 03:02:48,732 [INFO]   Client 37 Loss: 2.0721
2026-07-21 03:03:06,796 [INFO]   Client 38 Loss: 1.2306
2026-07-21 03:03:07,108 [INFO]   Client 39 Loss: 2.1915
2026-07-21 03:03:07,142 [INFO]   Client 40 Loss: 2.2151
2026-07-21 03:03:13,774 [INFO]   Client 41 Loss: 1.4614
2026-07-21 03:03:17,421 [INFO]   Client 42 Loss: 1.5796
2026-07-21 03:03:30,053 [INFO]   Client 43 Loss: 1.2462
2026-07-21 03:03:30,806 [INFO]   Client 44 Loss: 1.7160
2026-07-21 03:03:31,063 [INFO]   Client 45 Loss: 2.2903
2026-07-21 03:03:39,217 [INFO]   Client 46 Loss: 1.5834
2026-07-21 03:03:44,418 [INFO]   Client 47 Loss: 1.5021
2026-07-21 03:03:48,414 [INFO]   Client 48 Loss: 1.6903
2026-07-21 03:04:01,832 [INFO]   Client 49 Loss: 1.5132
2026-07-21 03:05:21,254 [INFO] [Task 0 | Round 22/30 | Global 22] Acc: 93.50% | F1-Mac: 46.48% | Loss: 1.5830
2026-07-21 03:05:21,266 [INFO] 
--- Task 0, Round 23/30 (Global 23) ---
2026-07-21 03:05:31,295 [INFO]   Client 0 Loss: 1.4091
2026-07-21 03:05:38,741 [INFO]   Client 1 Loss: 1.2968
2026-07-21 03:05:47,847 [INFO]   Client 2 Loss: 1.3645
2026-07-21 03:06:16,583 [INFO]   Client 3 Loss: 1.2993
2026-07-21 03:06:20,919 [INFO]   Client 4 Loss: 1.5487
2026-07-21 03:06:50,086 [INFO]   Client 5 Loss: 1.2067
2026-07-21 03:07:03,881 [INFO]   Client 6 Loss: 1.4274
2026-07-21 03:07:14,687 [INFO]   Client 7 Loss: 1.2566
2026-07-21 03:07:21,175 [INFO]   Client 8 Loss: 1.4892
2026-07-21 03:07:23,034 [INFO]   Client 9 Loss: 1.8436
2026-07-21 03:07:24,017 [INFO]   Client 10 Loss: 2.2482
2026-07-21 03:07:25,294 [INFO]   Client 11 Loss: 1.8671
2026-07-21 03:07:31,233 [INFO]   Client 12 Loss: 1.4370
2026-07-21 03:07:37,113 [INFO]   Client 13 Loss: 1.2809
2026-07-21 03:07:37,860 [INFO]   Client 15 Loss: 2.2776
2026-07-21 03:07:50,351 [INFO]   Client 16 Loss: 1.3076
2026-07-21 03:08:01,244 [INFO]   Client 17 Loss: 1.2746
2026-07-21 03:08:02,929 [INFO]   Client 18 Loss: 1.7960
2026-07-21 03:08:30,447 [INFO]   Client 19 Loss: 1.5652
2026-07-21 03:08:33,855 [INFO]   Client 20 Loss: 1.5875
2026-07-21 03:08:59,284 [INFO]   Client 21 Loss: 1.1432
2026-07-21 03:09:29,934 [INFO]   Client 22 Loss: 1.1805
2026-07-21 03:09:37,499 [INFO]   Client 23 Loss: 1.6510
2026-07-21 03:09:50,868 [INFO]   Client 24 Loss: 1.6190
2026-07-21 03:10:06,270 [INFO]   Client 25 Loss: 1.3403
2026-07-21 03:10:25,297 [INFO]   Client 26 Loss: 1.3502
2026-07-21 03:10:50,005 [INFO]   Client 27 Loss: 1.3202
2026-07-21 03:11:06,496 [INFO]   Client 28 Loss: 1.3855
2026-07-21 03:11:26,612 [INFO]   Client 30 Loss: 1.2460
2026-07-21 03:11:26,940 [INFO]   Client 32 Loss: 2.2730
2026-07-21 03:11:43,174 [INFO]   Client 33 Loss: 1.3277
2026-07-21 03:11:47,454 [INFO]   Client 34 Loss: 1.4460
2026-07-21 03:11:48,389 [INFO]   Client 35 Loss: 1.8680
2026-07-21 03:11:48,508 [INFO]   Client 36 Loss: 2.0988
2026-07-21 03:11:49,336 [INFO]   Client 37 Loss: 2.1246
2026-07-21 03:12:07,400 [INFO]   Client 38 Loss: 1.2278
2026-07-21 03:12:07,713 [INFO]   Client 39 Loss: 2.2192
2026-07-21 03:12:07,749 [INFO]   Client 40 Loss: 2.2835
2026-07-21 03:12:14,362 [INFO]   Client 41 Loss: 1.4575
2026-07-21 03:12:18,019 [INFO]   Client 42 Loss: 1.5727
2026-07-21 03:12:30,743 [INFO]   Client 43 Loss: 1.2473
2026-07-21 03:12:31,505 [INFO]   Client 44 Loss: 1.7071
2026-07-21 03:12:31,760 [INFO]   Client 45 Loss: 2.2637
2026-07-21 03:12:39,913 [INFO]   Client 46 Loss: 1.5808
2026-07-21 03:12:45,121 [INFO]   Client 47 Loss: 1.5033
2026-07-21 03:12:49,120 [INFO]   Client 48 Loss: 1.6901
2026-07-21 03:13:02,682 [INFO]   Client 49 Loss: 1.5126
2026-07-21 03:14:22,565 [INFO] [Task 0 | Round 23/30 | Global 23] Acc: 93.62% | F1-Mac: 47.39% | Loss: 1.5835
2026-07-21 03:14:22,576 [INFO] 
--- Task 0, Round 24/30 (Global 24) ---
2026-07-21 03:14:32,601 [INFO]   Client 0 Loss: 1.4094
2026-07-21 03:14:40,094 [INFO]   Client 1 Loss: 1.2929
2026-07-21 03:14:49,263 [INFO]   Client 2 Loss: 1.3590
2026-07-21 03:15:17,934 [INFO]   Client 3 Loss: 1.2919
2026-07-21 03:15:22,281 [INFO]   Client 4 Loss: 1.5494
2026-07-21 03:15:51,530 [INFO]   Client 5 Loss: 1.2014
2026-07-21 03:16:05,344 [INFO]   Client 6 Loss: 1.4277
2026-07-21 03:16:16,216 [INFO]   Client 7 Loss: 1.2540
2026-07-21 03:16:22,738 [INFO]   Client 8 Loss: 1.4916
2026-07-21 03:16:24,597 [INFO]   Client 9 Loss: 1.8335
2026-07-21 03:16:25,572 [INFO]   Client 10 Loss: 2.2614
2026-07-21 03:16:26,838 [INFO]   Client 11 Loss: 1.8543
2026-07-21 03:16:32,758 [INFO]   Client 12 Loss: 1.4342
2026-07-21 03:16:38,655 [INFO]   Client 13 Loss: 1.2795
2026-07-21 03:16:39,403 [INFO]   Client 15 Loss: 2.2800
2026-07-21 03:16:51,944 [INFO]   Client 16 Loss: 1.3104
2026-07-21 03:17:02,819 [INFO]   Client 17 Loss: 1.2682
2026-07-21 03:17:04,515 [INFO]   Client 18 Loss: 1.7786
2026-07-21 03:17:31,884 [INFO]   Client 19 Loss: 1.5470
2026-07-21 03:17:35,273 [INFO]   Client 20 Loss: 1.5799
2026-07-21 03:18:00,810 [INFO]   Client 21 Loss: 1.1406
2026-07-21 03:18:31,639 [INFO]   Client 22 Loss: 1.1769
2026-07-21 03:18:39,186 [INFO]   Client 23 Loss: 1.6463
2026-07-21 03:18:52,633 [INFO]   Client 24 Loss: 1.6218
2026-07-21 03:19:08,007 [INFO]   Client 25 Loss: 1.3374
2026-07-21 03:19:27,031 [INFO]   Client 26 Loss: 1.3430
2026-07-21 03:19:51,862 [INFO]   Client 27 Loss: 1.3143
2026-07-21 03:20:08,357 [INFO]   Client 28 Loss: 1.3808
2026-07-21 03:20:28,491 [INFO]   Client 30 Loss: 1.2426
2026-07-21 03:20:28,821 [INFO]   Client 32 Loss: 2.2512
2026-07-21 03:20:45,047 [INFO]   Client 33 Loss: 1.3256
2026-07-21 03:20:49,316 [INFO]   Client 34 Loss: 1.4509
2026-07-21 03:20:50,244 [INFO]   Client 35 Loss: 1.8551
2026-07-21 03:20:50,360 [INFO]   Client 36 Loss: 2.0960
2026-07-21 03:20:51,189 [INFO]   Client 37 Loss: 2.0941
2026-07-21 03:21:09,238 [INFO]   Client 38 Loss: 1.2265
2026-07-21 03:21:09,553 [INFO]   Client 39 Loss: 2.2683
2026-07-21 03:21:09,588 [INFO]   Client 40 Loss: 2.1888
2026-07-21 03:21:16,209 [INFO]   Client 41 Loss: 1.4558
2026-07-21 03:21:19,842 [INFO]   Client 42 Loss: 1.5729
2026-07-21 03:21:32,576 [INFO]   Client 43 Loss: 1.2395
2026-07-21 03:21:33,336 [INFO]   Client 44 Loss: 1.7101
2026-07-21 03:21:33,592 [INFO]   Client 45 Loss: 2.2942
2026-07-21 03:21:41,783 [INFO]   Client 46 Loss: 1.5800
2026-07-21 03:21:47,032 [INFO]   Client 47 Loss: 1.5076
2026-07-21 03:21:51,003 [INFO]   Client 48 Loss: 1.6876
2026-07-21 03:22:04,405 [INFO]   Client 49 Loss: 1.5114
2026-07-21 03:23:23,705 [INFO] [Task 0 | Round 24/30 | Global 24] Acc: 93.63% | F1-Mac: 47.21% | Loss: 1.5792
2026-07-21 03:23:23,715 [INFO] 
--- Task 0, Round 25/30 (Global 25) ---
2026-07-21 03:23:33,685 [INFO]   Client 0 Loss: 1.4071
2026-07-21 03:23:41,114 [INFO]   Client 1 Loss: 1.2910
2026-07-21 03:23:50,180 [INFO]   Client 2 Loss: 1.3570
2026-07-21 03:24:18,806 [INFO]   Client 3 Loss: 1.2887
2026-07-21 03:24:23,187 [INFO]   Client 4 Loss: 1.5499
2026-07-21 03:24:52,362 [INFO]   Client 5 Loss: 1.1991
2026-07-21 03:25:06,154 [INFO]   Client 6 Loss: 1.4285
2026-07-21 03:25:16,936 [INFO]   Client 7 Loss: 1.2452
2026-07-21 03:25:23,442 [INFO]   Client 8 Loss: 1.4809
2026-07-21 03:25:25,303 [INFO]   Client 9 Loss: 1.8342
2026-07-21 03:25:26,286 [INFO]   Client 10 Loss: 2.2746
2026-07-21 03:25:27,554 [INFO]   Client 11 Loss: 1.8834
2026-07-21 03:25:33,459 [INFO]   Client 12 Loss: 1.4352
2026-07-21 03:25:39,341 [INFO]   Client 13 Loss: 1.2750
2026-07-21 03:25:40,080 [INFO]   Client 15 Loss: 2.3049
2026-07-21 03:25:52,542 [INFO]   Client 16 Loss: 1.3041
2026-07-21 03:26:03,390 [INFO]   Client 17 Loss: 1.2713
2026-07-21 03:26:05,086 [INFO]   Client 18 Loss: 1.7746
2026-07-21 03:26:32,666 [INFO]   Client 19 Loss: 1.5378
2026-07-21 03:26:36,084 [INFO]   Client 20 Loss: 1.5796
2026-07-21 03:27:01,529 [INFO]   Client 21 Loss: 1.1387
2026-07-21 03:27:32,106 [INFO]   Client 22 Loss: 1.1750
2026-07-21 03:27:39,665 [INFO]   Client 23 Loss: 1.6274
2026-07-21 03:27:53,063 [INFO]   Client 24 Loss: 1.6224
2026-07-21 03:28:08,513 [INFO]   Client 25 Loss: 1.3338
2026-07-21 03:28:27,704 [INFO]   Client 26 Loss: 1.3459
2026-07-21 03:28:53,190 [INFO]   Client 27 Loss: 1.3129
2026-07-21 03:29:09,689 [INFO]   Client 28 Loss: 1.3782
2026-07-21 03:29:29,815 [INFO]   Client 30 Loss: 1.2342
2026-07-21 03:29:30,141 [INFO]   Client 32 Loss: 2.2736
2026-07-21 03:29:46,400 [INFO]   Client 33 Loss: 1.3236
2026-07-21 03:29:50,624 [INFO]   Client 34 Loss: 1.4350
2026-07-21 03:29:51,555 [INFO]   Client 35 Loss: 1.8675
2026-07-21 03:29:51,671 [INFO]   Client 36 Loss: 2.0981
2026-07-21 03:29:52,502 [INFO]   Client 37 Loss: 2.0975
2026-07-21 03:30:10,619 [INFO]   Client 38 Loss: 1.2179
2026-07-21 03:30:10,934 [INFO]   Client 39 Loss: 2.2396
2026-07-21 03:30:10,966 [INFO]   Client 40 Loss: 2.2864
2026-07-21 03:30:17,583 [INFO]   Client 41 Loss: 1.4498
2026-07-21 03:30:21,220 [INFO]   Client 42 Loss: 1.5709
2026-07-21 03:30:33,865 [INFO]   Client 43 Loss: 1.2430
2026-07-21 03:30:34,609 [INFO]   Client 44 Loss: 1.7111
2026-07-21 03:30:34,866 [INFO]   Client 45 Loss: 2.2731
2026-07-21 03:30:43,075 [INFO]   Client 46 Loss: 1.5794
2026-07-21 03:30:48,300 [INFO]   Client 47 Loss: 1.4989
2026-07-21 03:30:52,288 [INFO]   Client 48 Loss: 1.6905
2026-07-21 03:31:05,699 [INFO]   Client 49 Loss: 1.5094
2026-07-21 03:32:25,164 [INFO] [Task 0 | Round 25/30 | Global 25] Acc: 93.69% | F1-Mac: 47.26% | Loss: 1.5799
2026-07-21 03:32:25,176 [INFO] 
--- Task 0, Round 26/30 (Global 26) ---
2026-07-21 03:32:35,162 [INFO]   Client 0 Loss: 1.4030
2026-07-21 03:32:42,603 [INFO]   Client 1 Loss: 1.2881
2026-07-21 03:32:51,651 [INFO]   Client 2 Loss: 1.3581
2026-07-21 03:33:20,368 [INFO]   Client 3 Loss: 1.2851
2026-07-21 03:33:24,699 [INFO]   Client 4 Loss: 1.5452
2026-07-21 03:33:53,932 [INFO]   Client 5 Loss: 1.1982
2026-07-21 03:34:07,673 [INFO]   Client 6 Loss: 1.4222
2026-07-21 03:34:18,471 [INFO]   Client 7 Loss: 1.2464
2026-07-21 03:34:24,982 [INFO]   Client 8 Loss: 1.4839
2026-07-21 03:34:26,852 [INFO]   Client 9 Loss: 1.8395
2026-07-21 03:34:27,822 [INFO]   Client 10 Loss: 2.2900
2026-07-21 03:34:29,098 [INFO]   Client 11 Loss: 1.8912
2026-07-21 03:34:35,002 [INFO]   Client 12 Loss: 1.4343
2026-07-21 03:34:40,929 [INFO]   Client 13 Loss: 1.2782
2026-07-21 03:34:41,669 [INFO]   Client 15 Loss: 2.2792
2026-07-21 03:34:54,194 [INFO]   Client 16 Loss: 1.3067
2026-07-21 03:35:05,107 [INFO]   Client 17 Loss: 1.2603
2026-07-21 03:35:06,814 [INFO]   Client 18 Loss: 1.7724
2026-07-21 03:35:34,208 [INFO]   Client 19 Loss: 1.5349
2026-07-21 03:35:37,623 [INFO]   Client 20 Loss: 1.5756
2026-07-21 03:36:02,908 [INFO]   Client 21 Loss: 1.1394
2026-07-21 03:36:33,504 [INFO]   Client 22 Loss: 1.1745
2026-07-21 03:36:41,063 [INFO]   Client 23 Loss: 1.6241
2026-07-21 03:36:54,529 [INFO]   Client 24 Loss: 1.6216
2026-07-21 03:37:09,815 [INFO]   Client 25 Loss: 1.3306
2026-07-21 03:37:28,803 [INFO]   Client 26 Loss: 1.3427
2026-07-21 03:37:53,461 [INFO]   Client 27 Loss: 1.3097
2026-07-21 03:38:09,852 [INFO]   Client 28 Loss: 1.3735
2026-07-21 03:38:29,922 [INFO]   Client 30 Loss: 1.2312
2026-07-21 03:38:30,263 [INFO]   Client 32 Loss: 2.2830
2026-07-21 03:38:46,411 [INFO]   Client 33 Loss: 1.3191
2026-07-21 03:38:50,678 [INFO]   Client 34 Loss: 1.4381
2026-07-21 03:38:51,609 [INFO]   Client 35 Loss: 1.8607
2026-07-21 03:38:51,726 [INFO]   Client 36 Loss: 2.1224
2026-07-21 03:38:52,554 [INFO]   Client 37 Loss: 2.0900
2026-07-21 03:39:10,556 [INFO]   Client 38 Loss: 1.2185
2026-07-21 03:39:10,871 [INFO]   Client 39 Loss: 2.2321
2026-07-21 03:39:10,906 [INFO]   Client 40 Loss: 2.3988
2026-07-21 03:39:17,502 [INFO]   Client 41 Loss: 1.4529
2026-07-21 03:39:21,144 [INFO]   Client 42 Loss: 1.5746
2026-07-21 03:39:33,769 [INFO]   Client 43 Loss: 1.2400
2026-07-21 03:39:34,528 [INFO]   Client 44 Loss: 1.7192
2026-07-21 03:39:34,787 [INFO]   Client 45 Loss: 2.3023
2026-07-21 03:39:42,937 [INFO]   Client 46 Loss: 1.5759
2026-07-21 03:39:48,138 [INFO]   Client 47 Loss: 1.4994
2026-07-21 03:39:52,122 [INFO]   Client 48 Loss: 1.6893
2026-07-21 03:40:05,603 [INFO]   Client 49 Loss: 1.5077
2026-07-21 03:41:24,592 [INFO] [Task 0 | Round 26/30 | Global 26] Acc: 93.81% | F1-Mac: 47.92% | Loss: 1.5822
2026-07-21 03:41:24,602 [INFO] 
--- Task 0, Round 27/30 (Global 27) ---
2026-07-21 03:41:34,594 [INFO]   Client 0 Loss: 1.4048
2026-07-21 03:41:42,013 [INFO]   Client 1 Loss: 1.2856
2026-07-21 03:41:51,043 [INFO]   Client 2 Loss: 1.3469
2026-07-21 03:42:19,556 [INFO]   Client 3 Loss: 1.2819
2026-07-21 03:42:23,895 [INFO]   Client 4 Loss: 1.5412
2026-07-21 03:42:53,058 [INFO]   Client 5 Loss: 1.1890
2026-07-21 03:43:06,832 [INFO]   Client 6 Loss: 1.4241
2026-07-21 03:43:17,631 [INFO]   Client 7 Loss: 1.2392
2026-07-21 03:43:24,119 [INFO]   Client 8 Loss: 1.4863
2026-07-21 03:43:25,980 [INFO]   Client 9 Loss: 1.8284
2026-07-21 03:43:26,956 [INFO]   Client 10 Loss: 2.2748
2026-07-21 03:43:28,237 [INFO]   Client 11 Loss: 1.8459
2026-07-21 03:43:34,142 [INFO]   Client 12 Loss: 1.4234
2026-07-21 03:43:40,094 [INFO]   Client 13 Loss: 1.2710
2026-07-21 03:43:40,830 [INFO]   Client 15 Loss: 2.3124
2026-07-21 03:43:53,293 [INFO]   Client 16 Loss: 1.3026
2026-07-21 03:44:04,193 [INFO]   Client 17 Loss: 1.2644
2026-07-21 03:44:05,902 [INFO]   Client 18 Loss: 1.7785
2026-07-21 03:44:33,354 [INFO]   Client 19 Loss: 1.5300
2026-07-21 03:44:36,796 [INFO]   Client 20 Loss: 1.5736
2026-07-21 03:45:02,099 [INFO]   Client 21 Loss: 1.1182
2026-07-21 03:45:32,510 [INFO]   Client 22 Loss: 1.1695
2026-07-21 03:45:40,009 [INFO]   Client 23 Loss: 1.6306
2026-07-21 03:45:53,365 [INFO]   Client 24 Loss: 1.6238
2026-07-21 03:46:08,742 [INFO]   Client 25 Loss: 1.3202
2026-07-21 03:46:27,703 [INFO]   Client 26 Loss: 1.3445
2026-07-21 03:46:52,567 [INFO]   Client 27 Loss: 1.3056
2026-07-21 03:47:08,891 [INFO]   Client 28 Loss: 1.3717
2026-07-21 03:47:28,999 [INFO]   Client 30 Loss: 1.2283
2026-07-21 03:47:29,324 [INFO]   Client 32 Loss: 2.2884
2026-07-21 03:47:45,448 [INFO]   Client 33 Loss: 1.3130
2026-07-21 03:47:49,666 [INFO]   Client 34 Loss: 1.4426
2026-07-21 03:47:50,599 [INFO]   Client 35 Loss: 1.8710
2026-07-21 03:47:50,716 [INFO]   Client 36 Loss: 2.0821
2026-07-21 03:47:51,548 [INFO]   Client 37 Loss: 2.1144
2026-07-21 03:48:09,612 [INFO]   Client 38 Loss: 1.2139
2026-07-21 03:48:09,927 [INFO]   Client 39 Loss: 2.2847
2026-07-21 03:48:09,965 [INFO]   Client 40 Loss: 2.4368
2026-07-21 03:48:16,578 [INFO]   Client 41 Loss: 1.4441
2026-07-21 03:48:20,252 [INFO]   Client 42 Loss: 1.5686
2026-07-21 03:48:33,041 [INFO]   Client 43 Loss: 1.2352
2026-07-21 03:48:33,796 [INFO]   Client 44 Loss: 1.7260
2026-07-21 03:48:34,053 [INFO]   Client 45 Loss: 2.2871
2026-07-21 03:48:42,233 [INFO]   Client 46 Loss: 1.5767
2026-07-21 03:48:47,446 [INFO]   Client 47 Loss: 1.5032
2026-07-21 03:48:51,483 [INFO]   Client 48 Loss: 1.6949
2026-07-21 03:49:05,068 [INFO]   Client 49 Loss: 1.5039
2026-07-21 03:50:24,591 [INFO] [Task 0 | Round 27/30 | Global 27] Acc: 93.65% | F1-Mac: 46.89% | Loss: 1.5809
2026-07-21 03:50:24,602 [INFO] 
--- Task 0, Round 28/30 (Global 28) ---
2026-07-21 03:50:34,588 [INFO]   Client 0 Loss: 1.4036
2026-07-21 03:50:42,062 [INFO]   Client 1 Loss: 1.2792
2026-07-21 03:50:51,162 [INFO]   Client 2 Loss: 1.3470
2026-07-21 03:51:19,839 [INFO]   Client 3 Loss: 1.2762
2026-07-21 03:51:24,192 [INFO]   Client 4 Loss: 1.5370
2026-07-21 03:51:53,376 [INFO]   Client 5 Loss: 1.1905
2026-07-21 03:52:07,109 [INFO]   Client 6 Loss: 1.4265
2026-07-21 03:52:17,910 [INFO]   Client 7 Loss: 1.2364
2026-07-21 03:52:24,413 [INFO]   Client 8 Loss: 1.4862
2026-07-21 03:52:26,299 [INFO]   Client 9 Loss: 1.8252
2026-07-21 03:52:27,283 [INFO]   Client 10 Loss: 2.2674
2026-07-21 03:52:28,562 [INFO]   Client 11 Loss: 1.8766
2026-07-21 03:52:34,488 [INFO]   Client 12 Loss: 1.4295
2026-07-21 03:52:40,411 [INFO]   Client 13 Loss: 1.2646
2026-07-21 03:52:41,146 [INFO]   Client 15 Loss: 2.2867
2026-07-21 03:52:53,649 [INFO]   Client 16 Loss: 1.3024
2026-07-21 03:53:04,608 [INFO]   Client 17 Loss: 1.2579
2026-07-21 03:53:06,326 [INFO]   Client 18 Loss: 1.7732
2026-07-21 03:53:33,831 [INFO]   Client 19 Loss: 1.5191
2026-07-21 03:53:37,264 [INFO]   Client 20 Loss: 1.5773
2026-07-21 03:54:02,650 [INFO]   Client 21 Loss: 1.1206
2026-07-21 03:54:33,274 [INFO]   Client 22 Loss: 1.1689
2026-07-21 03:54:40,792 [INFO]   Client 23 Loss: 1.6122
2026-07-21 03:54:54,134 [INFO]   Client 24 Loss: 1.6250
2026-07-21 03:55:09,433 [INFO]   Client 25 Loss: 1.3234
2026-07-21 03:55:28,438 [INFO]   Client 26 Loss: 1.3417
2026-07-21 03:55:53,382 [INFO]   Client 27 Loss: 1.3019
2026-07-21 03:56:09,870 [INFO]   Client 28 Loss: 1.3715
2026-07-21 03:56:29,900 [INFO]   Client 30 Loss: 1.2242
2026-07-21 03:56:30,228 [INFO]   Client 32 Loss: 2.2936
2026-07-21 03:56:46,367 [INFO]   Client 33 Loss: 1.3084
2026-07-21 03:56:50,593 [INFO]   Client 34 Loss: 1.4370
2026-07-21 03:56:51,524 [INFO]   Client 35 Loss: 1.8652
2026-07-21 03:56:51,639 [INFO]   Client 36 Loss: 2.1170
2026-07-21 03:56:52,467 [INFO]   Client 37 Loss: 2.1257
2026-07-21 03:57:10,407 [INFO]   Client 38 Loss: 1.2148
2026-07-21 03:57:10,722 [INFO]   Client 39 Loss: 2.2866
2026-07-21 03:57:10,755 [INFO]   Client 40 Loss: 2.3203
2026-07-21 03:57:17,404 [INFO]   Client 41 Loss: 1.4443
2026-07-21 03:57:21,027 [INFO]   Client 42 Loss: 1.5678
2026-07-21 03:57:33,684 [INFO]   Client 43 Loss: 1.2306
2026-07-21 03:57:34,426 [INFO]   Client 44 Loss: 1.7191
2026-07-21 03:57:34,682 [INFO]   Client 45 Loss: 2.2922
2026-07-21 03:57:42,834 [INFO]   Client 46 Loss: 1.5769
2026-07-21 03:57:48,059 [INFO]   Client 47 Loss: 1.5032
2026-07-21 03:57:52,047 [INFO]   Client 48 Loss: 1.6919
2026-07-21 03:58:05,444 [INFO]   Client 49 Loss: 1.4975
2026-07-21 03:59:24,505 [INFO] [Task 0 | Round 28/30 | Global 28] Acc: 93.65% | F1-Mac: 47.29% | Loss: 1.5775
2026-07-21 03:59:24,516 [INFO] 
--- Task 0, Round 29/30 (Global 29) ---
2026-07-21 03:59:34,523 [INFO]   Client 0 Loss: 1.4003
2026-07-21 03:59:41,986 [INFO]   Client 1 Loss: 1.2828
2026-07-21 03:59:51,036 [INFO]   Client 2 Loss: 1.3421
2026-07-21 04:00:19,654 [INFO]   Client 3 Loss: 1.2754
2026-07-21 04:00:24,008 [INFO]   Client 4 Loss: 1.5364
2026-07-21 04:00:53,278 [INFO]   Client 5 Loss: 1.1859
2026-07-21 04:01:07,048 [INFO]   Client 6 Loss: 1.4269
2026-07-21 04:01:17,801 [INFO]   Client 7 Loss: 1.2349
2026-07-21 04:01:24,262 [INFO]   Client 8 Loss: 1.4851
2026-07-21 04:01:26,118 [INFO]   Client 9 Loss: 1.8162
2026-07-21 04:01:27,095 [INFO]   Client 10 Loss: 2.2639
2026-07-21 04:01:28,382 [INFO]   Client 11 Loss: 1.8577
2026-07-21 04:01:34,328 [INFO]   Client 12 Loss: 1.4276
2026-07-21 04:01:40,191 [INFO]   Client 13 Loss: 1.2661
2026-07-21 04:01:40,938 [INFO]   Client 15 Loss: 2.3030
2026-07-21 04:01:53,368 [INFO]   Client 16 Loss: 1.2986
2026-07-21 04:02:04,223 [INFO]   Client 17 Loss: 1.2581
2026-07-21 04:02:05,970 [INFO]   Client 18 Loss: 1.7651
2026-07-21 04:02:33,506 [INFO]   Client 19 Loss: 1.5115
2026-07-21 04:02:36,921 [INFO]   Client 20 Loss: 1.5707
2026-07-21 04:03:02,245 [INFO]   Client 21 Loss: 1.1208
2026-07-21 04:03:32,894 [INFO]   Client 22 Loss: 1.1680
2026-07-21 04:03:40,476 [INFO]   Client 23 Loss: 1.6068
2026-07-21 04:03:53,816 [INFO]   Client 24 Loss: 1.6280
2026-07-21 04:04:09,094 [INFO]   Client 25 Loss: 1.3176
2026-07-21 04:04:28,256 [INFO]   Client 26 Loss: 1.3423
2026-07-21 04:04:53,441 [INFO]   Client 27 Loss: 1.2874
2026-07-21 04:05:10,289 [INFO]   Client 28 Loss: 1.3665
2026-07-21 04:05:30,949 [INFO]   Client 30 Loss: 1.2231
2026-07-21 04:05:31,285 [INFO]   Client 32 Loss: 2.2975
2026-07-21 04:05:47,781 [INFO]   Client 33 Loss: 1.3061
2026-07-21 04:05:52,090 [INFO]   Client 34 Loss: 1.4360
2026-07-21 04:05:53,036 [INFO]   Client 35 Loss: 1.8580
2026-07-21 04:05:53,155 [INFO]   Client 36 Loss: 2.1350
2026-07-21 04:05:53,982 [INFO]   Client 37 Loss: 2.1088
2026-07-21 04:06:12,357 [INFO]   Client 38 Loss: 1.2106
2026-07-21 04:06:12,679 [INFO]   Client 39 Loss: 2.3076
2026-07-21 04:06:12,720 [INFO]   Client 40 Loss: 2.3543
2026-07-21 04:06:19,468 [INFO]   Client 41 Loss: 1.4379
2026-07-21 04:06:23,200 [INFO]   Client 42 Loss: 1.5639
2026-07-21 04:06:36,231 [INFO]   Client 43 Loss: 1.2264
2026-07-21 04:06:36,995 [INFO]   Client 44 Loss: 1.7217
2026-07-21 04:06:37,255 [INFO]   Client 45 Loss: 2.2846
2026-07-21 04:06:45,580 [INFO]   Client 46 Loss: 1.5750
2026-07-21 04:06:50,893 [INFO]   Client 47 Loss: 1.4970
2026-07-21 04:06:54,970 [INFO]   Client 48 Loss: 1.6933
2026-07-21 04:07:08,516 [INFO]   Client 49 Loss: 1.4960
2026-07-21 04:08:31,272 [INFO] [Task 0 | Round 29/30 | Global 29] Acc: 93.70% | F1-Mac: 47.95% | Loss: 1.5761
2026-07-21 04:08:31,284 [INFO] 
--- Task 0, Round 30/30 (Global 30) ---
2026-07-21 04:08:41,501 [INFO]   Client 0 Loss: 1.4007
2026-07-21 04:08:49,041 [INFO]   Client 1 Loss: 1.2813
2026-07-21 04:08:58,291 [INFO]   Client 2 Loss: 1.3356
2026-07-21 04:09:27,401 [INFO]   Client 3 Loss: 1.2701
2026-07-21 04:09:31,812 [INFO]   Client 4 Loss: 1.5281
2026-07-21 04:10:01,491 [INFO]   Client 5 Loss: 1.1799
2026-07-21 04:10:15,454 [INFO]   Client 6 Loss: 1.4217
2026-07-21 04:10:26,488 [INFO]   Client 7 Loss: 1.2329
2026-07-21 04:10:33,116 [INFO]   Client 8 Loss: 1.4831
2026-07-21 04:10:35,024 [INFO]   Client 9 Loss: 1.8216
2026-07-21 04:10:36,026 [INFO]   Client 10 Loss: 2.2744
2026-07-21 04:10:37,335 [INFO]   Client 11 Loss: 1.8493
2026-07-21 04:10:43,368 [INFO]   Client 12 Loss: 1.4259
2026-07-21 04:10:49,371 [INFO]   Client 13 Loss: 1.2647
2026-07-21 04:10:50,123 [INFO]   Client 15 Loss: 2.2918
2026-07-21 04:11:02,886 [INFO]   Client 16 Loss: 1.2962
2026-07-21 04:11:14,018 [INFO]   Client 17 Loss: 1.2498
2026-07-21 04:11:15,774 [INFO]   Client 18 Loss: 1.7653
2026-07-21 04:11:43,724 [INFO]   Client 19 Loss: 1.4976
2026-07-21 04:11:47,201 [INFO]   Client 20 Loss: 1.5664
2026-07-21 04:12:12,945 [INFO]   Client 21 Loss: 1.1169
2026-07-21 04:12:44,201 [INFO]   Client 22 Loss: 1.1663
2026-07-21 04:12:51,894 [INFO]   Client 23 Loss: 1.6001
2026-07-21 04:13:05,558 [INFO]   Client 24 Loss: 1.6255
2026-07-21 04:13:21,165 [INFO]   Client 25 Loss: 1.3038
2026-07-21 04:13:40,601 [INFO]   Client 26 Loss: 1.3363
2026-07-21 04:14:05,908 [INFO]   Client 27 Loss: 1.2834
2026-07-21 04:14:22,678 [INFO]   Client 28 Loss: 1.3644
2026-07-21 04:14:43,359 [INFO]   Client 30 Loss: 1.2178
2026-07-21 04:14:43,699 [INFO]   Client 32 Loss: 2.3095
2026-07-21 04:15:00,346 [INFO]   Client 33 Loss: 1.3022
2026-07-21 04:15:04,686 [INFO]   Client 34 Loss: 1.4392
2026-07-21 04:15:05,638 [INFO]   Client 35 Loss: 1.8665
2026-07-21 04:15:05,757 [INFO]   Client 36 Loss: 2.1181
2026-07-21 04:15:06,608 [INFO]   Client 37 Loss: 2.0975
2026-07-21 04:15:24,963 [INFO]   Client 38 Loss: 1.2094
2026-07-21 04:15:25,296 [INFO]   Client 39 Loss: 2.2962
2026-07-21 04:15:25,336 [INFO]   Client 40 Loss: 2.2587
2026-07-21 04:15:32,063 [INFO]   Client 41 Loss: 1.4413
2026-07-21 04:15:35,784 [INFO]   Client 42 Loss: 1.5673
2026-07-21 04:15:48,567 [INFO]   Client 43 Loss: 1.2280
2026-07-21 04:15:49,320 [INFO]   Client 44 Loss: 1.7218
2026-07-21 04:15:49,575 [INFO]   Client 45 Loss: 2.2877
2026-07-21 04:15:57,856 [INFO]   Client 46 Loss: 1.5738
2026-07-21 04:16:03,157 [INFO]   Client 47 Loss: 1.4972
2026-07-21 04:16:07,186 [INFO]   Client 48 Loss: 1.6905
2026-07-21 04:16:20,875 [INFO]   Client 49 Loss: 1.4865
2026-07-21 04:17:44,891 [INFO] [Task 0 | Round 30/30 | Global 30] Acc: 93.89% | F1-Mac: 49.13% | Loss: 1.5711
2026-07-21 04:17:44,902 [INFO] Task 0 finished. Computing statistics for replay across clients...
2026-07-21 04:19:24,830 [INFO] Task 0 fully completed.
2026-07-21 04:19:24,997 [INFO] --- Starting Task 1 ---
2026-07-21 04:19:35,282 [INFO] Expanding Global Classifier: 6 -> 12
2026-07-21 04:19:37,905 [INFO] 
--- Task 1, Round 1/30 (Global 31) ---
2026-07-21 04:19:42,847 [INFO]   Client 0 Loss: 7.8777
2026-07-21 04:19:46,012 [INFO]   Client 1 Loss: 8.1311
2026-07-21 04:19:56,892 [INFO]   Client 2 Loss: 7.6261
2026-07-21 04:20:03,102 [INFO]   Client 3 Loss: 8.2717
2026-07-21 04:20:06,835 [INFO]   Client 4 Loss: 8.0262
2026-07-21 04:20:10,152 [INFO]   Client 5 Loss: 7.8377
2026-07-21 04:20:17,789 [INFO]   Client 6 Loss: 7.5225
2026-07-21 04:20:33,487 [INFO]   Client 7 Loss: 7.3026
2026-07-21 04:20:43,234 [INFO]   Client 8 Loss: 7.8092
2026-07-21 04:20:49,157 [INFO]   Client 9 Loss: 7.7413
2026-07-21 04:20:52,225 [INFO]   Client 10 Loss: 8.3070
2026-07-21 04:21:00,864 [INFO]   Client 11 Loss: 7.5724
2026-07-21 04:21:02,652 [INFO]   Client 12 Loss: 8.2904
2026-07-21 04:21:14,020 [INFO]   Client 13 Loss: 7.5841
2026-07-21 04:21:14,257 [INFO]   Client 14 Loss: 8.6622
2026-07-21 04:21:14,873 [INFO]   Client 15 Loss: 10.8651
2026-07-21 04:21:15,157 [INFO]   Client 16 Loss: 9.6812
2026-07-21 04:21:16,320 [INFO]   Client 17 Loss: 9.8184
2026-07-21 04:21:16,679 [INFO]   Client 18 Loss: 9.6071
2026-07-21 04:21:19,509 [INFO]   Client 19 Loss: 8.1128
2026-07-21 04:21:30,169 [INFO]   Client 20 Loss: 7.6192
2026-07-21 04:21:35,067 [INFO]   Client 21 Loss: 8.1342
2026-07-21 04:21:39,987 [INFO]   Client 22 Loss: 8.0658
2026-07-21 04:21:47,341 [INFO]   Client 23 Loss: 7.8177
2026-07-21 04:21:58,920 [INFO]   Client 24 Loss: 7.3522
2026-07-21 04:21:59,128 [INFO]   Client 25 Loss: 9.0703
2026-07-21 04:21:59,742 [INFO]   Client 27 Loss: 8.9913
2026-07-21 04:22:06,195 [INFO]   Client 28 Loss: 7.7206
2026-07-21 04:22:14,863 [INFO]   Client 29 Loss: 7.6170
2026-07-21 04:22:16,717 [INFO]   Client 30 Loss: 8.3401
2026-07-21 04:22:29,318 [INFO]   Client 31 Loss: 7.2966
2026-07-21 04:22:33,123 [INFO]   Client 32 Loss: 8.0108
2026-07-21 04:22:34,749 [INFO]   Client 33 Loss: 8.9371
2026-07-21 04:22:39,517 [INFO]   Client 35 Loss: 7.4246
2026-07-21 04:22:43,415 [INFO]   Client 36 Loss: 7.7892
2026-07-21 04:22:49,360 [INFO]   Client 37 Loss: 7.6867
2026-07-21 04:22:49,457 [INFO]   Client 38 Loss: 9.4866
2026-07-21 04:22:50,231 [INFO]   Client 39 Loss: 10.8969
2026-07-21 04:23:07,262 [INFO]   Client 40 Loss: 7.3194
2026-07-21 04:23:07,942 [INFO]   Client 41 Loss: 8.6655
2026-07-21 04:23:08,195 [INFO]   Client 42 Loss: 8.8547
2026-07-21 04:23:08,440 [INFO]   Client 43 Loss: 8.8891
2026-07-21 04:23:21,177 [INFO]   Client 44 Loss: 7.3767
2026-07-21 04:23:21,673 [INFO]   Client 45 Loss: 9.7860
2026-07-21 04:23:22,634 [INFO]   Client 46 Loss: 10.1340
2026-07-21 04:23:40,168 [INFO]   Client 47 Loss: 7.3365
2026-07-21 04:23:45,807 [INFO]   Client 48 Loss: 7.5493
2026-07-21 04:23:47,578 [INFO]   Client 49 Loss: 8.4844
2026-07-21 04:23:51,836 [INFO]   Client 50 Loss: 7.7942
2026-07-21 04:24:00,077 [INFO]   Client 51 Loss: 7.6736
2026-07-21 04:24:04,775 [INFO]   Client 52 Loss: 8.0970
2026-07-21 04:24:14,133 [INFO]   Client 53 Loss: 7.5745
2026-07-21 04:24:19,595 [INFO]   Client 54 Loss: 8.0678
2026-07-21 04:24:27,321 [INFO]   Client 55 Loss: 7.6820
2026-07-21 04:24:28,457 [INFO]   Client 56 Loss: 11.6026
2026-07-21 04:24:29,505 [INFO]   Client 57 Loss: 8.4193
2026-07-21 04:24:39,102 [INFO]   Client 58 Loss: 7.5206
2026-07-21 04:24:47,837 [INFO]   Client 59 Loss: 7.6501
2026-07-21 04:27:03,503 [INFO] [Task 1 | Round 1/30 | Global 31] Acc: 16.12% | F1-Mac: 2.69% | Loss: 8.2997
2026-07-21 04:27:03,521 [INFO] 
--- Task 1, Round 2/30 (Global 32) ---
2026-07-21 04:27:08,473 [INFO]   Client 0 Loss: 7.5128
2026-07-21 04:27:11,510 [INFO]   Client 1 Loss: 7.3372
2026-07-21 04:27:22,113 [INFO]   Client 2 Loss: 7.3608
2026-07-21 04:27:28,329 [INFO]   Client 3 Loss: 7.6356
2026-07-21 04:27:31,914 [INFO]   Client 4 Loss: 7.6882
2026-07-21 04:27:35,214 [INFO]   Client 5 Loss: 7.5030
2026-07-21 04:27:42,999 [INFO]   Client 6 Loss: 7.1934
2026-07-21 04:27:57,597 [INFO]   Client 7 Loss: 7.1013
2026-07-21 04:28:07,286 [INFO]   Client 8 Loss: 7.5560
2026-07-21 04:28:13,246 [INFO]   Client 9 Loss: 7.3085
2026-07-21 04:28:16,135 [INFO]   Client 10 Loss: 7.6672
2026-07-21 04:28:24,688 [INFO]   Client 11 Loss: 7.3851
2026-07-21 04:28:26,512 [INFO]   Client 12 Loss: 7.8034
2026-07-21 04:28:37,919 [INFO]   Client 13 Loss: 7.2710
2026-07-21 04:28:38,163 [INFO]   Client 14 Loss: 7.6946
2026-07-21 04:28:38,781 [INFO]   Client 15 Loss: 7.7325
2026-07-21 04:28:39,064 [INFO]   Client 16 Loss: 7.5746
2026-07-21 04:28:40,228 [INFO]   Client 17 Loss: 7.7593
2026-07-21 04:28:40,589 [INFO]   Client 18 Loss: 7.5620
2026-07-21 04:28:43,423 [INFO]   Client 19 Loss: 7.7626
2026-07-21 04:28:54,308 [INFO]   Client 20 Loss: 7.3102
2026-07-21 04:28:59,397 [INFO]   Client 21 Loss: 7.6898
2026-07-21 04:29:04,343 [INFO]   Client 22 Loss: 7.3462
2026-07-21 04:29:11,698 [INFO]   Client 23 Loss: 7.4304
2026-07-21 04:29:23,310 [INFO]   Client 24 Loss: 7.1999
2026-07-21 04:29:23,516 [INFO]   Client 25 Loss: 7.7972
2026-07-21 04:29:24,125 [INFO]   Client 27 Loss: 7.8722
2026-07-21 04:29:30,526 [INFO]   Client 28 Loss: 7.4339
2026-07-21 04:29:39,158 [INFO]   Client 29 Loss: 7.2658
2026-07-21 04:29:41,125 [INFO]   Client 30 Loss: 7.7244
2026-07-21 04:29:53,417 [INFO]   Client 31 Loss: 7.0717
2026-07-21 04:29:57,372 [INFO]   Client 32 Loss: 7.4332
2026-07-21 04:29:58,860 [INFO]   Client 33 Loss: 7.7116
2026-07-21 04:30:03,631 [INFO]   Client 35 Loss: 7.3453
2026-07-21 04:30:07,714 [INFO]   Client 36 Loss: 7.4868
2026-07-21 04:30:13,721 [INFO]   Client 37 Loss: 7.3852
2026-07-21 04:30:13,813 [INFO]   Client 38 Loss: 8.8419
2026-07-21 04:30:14,583 [INFO]   Client 39 Loss: 7.8182
2026-07-21 04:30:31,450 [INFO]   Client 40 Loss: 7.0544
2026-07-21 04:30:31,968 [INFO]   Client 41 Loss: 8.0031
2026-07-21 04:30:32,368 [INFO]   Client 42 Loss: 7.7875
2026-07-21 04:30:32,608 [INFO]   Client 43 Loss: 7.7915
2026-07-21 04:30:45,065 [INFO]   Client 44 Loss: 7.2607
2026-07-21 04:30:45,723 [INFO]   Client 45 Loss: 8.5392
2026-07-21 04:30:46,545 [INFO]   Client 46 Loss: 7.7046
2026-07-21 04:31:04,201 [INFO]   Client 47 Loss: 7.2391
2026-07-21 04:31:09,686 [INFO]   Client 48 Loss: 7.2826
2026-07-21 04:31:11,595 [INFO]   Client 49 Loss: 7.7141
2026-07-21 04:31:15,858 [INFO]   Client 50 Loss: 7.3228
2026-07-21 04:31:24,171 [INFO]   Client 51 Loss: 7.3351
2026-07-21 04:31:28,894 [INFO]   Client 52 Loss: 7.6131
2026-07-21 04:31:38,197 [INFO]   Client 53 Loss: 7.3130
2026-07-21 04:31:43,678 [INFO]   Client 54 Loss: 7.4851
2026-07-21 04:31:51,258 [INFO]   Client 55 Loss: 7.3303
2026-07-21 04:31:52,535 [INFO]   Client 56 Loss: 7.7016
2026-07-21 04:31:53,436 [INFO]   Client 57 Loss: 7.9473
2026-07-21 04:32:02,986 [INFO]   Client 58 Loss: 7.3047
2026-07-21 04:32:11,825 [INFO]   Client 59 Loss: 7.2949
2026-07-21 04:34:26,915 [INFO] [Task 1 | Round 2/30 | Global 32] Acc: 21.21% | F1-Mac: 10.59% | Loss: 7.5448
2026-07-21 04:34:26,936 [INFO] 
--- Task 1, Round 3/30 (Global 33) ---
2026-07-21 04:34:31,883 [INFO]   Client 0 Loss: 7.2871
2026-07-21 04:34:34,885 [INFO]   Client 1 Loss: 7.2155
2026-07-21 04:34:45,524 [INFO]   Client 2 Loss: 7.2016
2026-07-21 04:34:51,556 [INFO]   Client 3 Loss: 7.5604
2026-07-21 04:34:55,303 [INFO]   Client 4 Loss: 7.4959
2026-07-21 04:34:58,605 [INFO]   Client 5 Loss: 7.3369
2026-07-21 04:35:06,452 [INFO]   Client 6 Loss: 7.0759
2026-07-21 04:35:20,868 [INFO]   Client 7 Loss: 6.9488
2026-07-21 04:35:30,596 [INFO]   Client 8 Loss: 7.5141
2026-07-21 04:35:36,732 [INFO]   Client 9 Loss: 7.1443
2026-07-21 04:35:39,644 [INFO]   Client 10 Loss: 7.5939
2026-07-21 04:35:48,234 [INFO]   Client 11 Loss: 7.2323
2026-07-21 04:35:49,868 [INFO]   Client 12 Loss: 7.5387
2026-07-21 04:36:01,415 [INFO]   Client 13 Loss: 7.1033
2026-07-21 04:36:01,654 [INFO]   Client 14 Loss: 7.5531
2026-07-21 04:36:02,266 [INFO]   Client 15 Loss: 7.7669
2026-07-21 04:36:02,549 [INFO]   Client 16 Loss: 7.5049
2026-07-21 04:36:03,711 [INFO]   Client 17 Loss: 7.5992
2026-07-21 04:36:04,069 [INFO]   Client 18 Loss: 7.4086
2026-07-21 04:36:06,912 [INFO]   Client 19 Loss: 7.5035
2026-07-21 04:36:17,747 [INFO]   Client 20 Loss: 7.1383
2026-07-21 04:36:22,667 [INFO]   Client 21 Loss: 7.6560
2026-07-21 04:36:27,593 [INFO]   Client 22 Loss: 7.2179
2026-07-21 04:36:34,874 [INFO]   Client 23 Loss: 7.2210
2026-07-21 04:36:46,539 [INFO]   Client 24 Loss: 7.1220
2026-07-21 04:36:46,747 [INFO]   Client 25 Loss: 7.7690
2026-07-21 04:36:47,358 [INFO]   Client 27 Loss: 7.8897
2026-07-21 04:36:53,599 [INFO]   Client 28 Loss: 7.2770
2026-07-21 04:37:02,220 [INFO]   Client 29 Loss: 7.1654
2026-07-21 04:37:04,194 [INFO]   Client 30 Loss: 7.3541
2026-07-21 04:37:16,494 [INFO]   Client 31 Loss: 6.9952
2026-07-21 04:37:20,436 [INFO]   Client 32 Loss: 7.4378
2026-07-21 04:37:21,930 [INFO]   Client 33 Loss: 7.4968
2026-07-21 04:37:26,687 [INFO]   Client 35 Loss: 7.1524
2026-07-21 04:37:30,742 [INFO]   Client 36 Loss: 7.2759
2026-07-21 04:37:36,725 [INFO]   Client 37 Loss: 7.2089
2026-07-21 04:37:36,819 [INFO]   Client 38 Loss: 8.8121
2026-07-21 04:37:37,588 [INFO]   Client 39 Loss: 7.5790
2026-07-21 04:37:54,563 [INFO]   Client 40 Loss: 6.9240
2026-07-21 04:37:55,074 [INFO]   Client 41 Loss: 7.8277
2026-07-21 04:37:55,322 [INFO]   Client 42 Loss: 7.7128
2026-07-21 04:37:55,563 [INFO]   Client 43 Loss: 7.7522
2026-07-21 04:38:08,156 [INFO]   Client 44 Loss: 7.1361
2026-07-21 04:38:08,646 [INFO]   Client 45 Loss: 8.2391
2026-07-21 04:38:09,595 [INFO]   Client 46 Loss: 7.4668
2026-07-21 04:38:26,976 [INFO]   Client 47 Loss: 7.1323
2026-07-21 04:38:32,422 [INFO]   Client 48 Loss: 7.1390
2026-07-21 04:38:34,330 [INFO]   Client 49 Loss: 7.4237
2026-07-21 04:38:38,544 [INFO]   Client 50 Loss: 7.1902
2026-07-21 04:38:46,841 [INFO]   Client 51 Loss: 7.1519
2026-07-21 04:38:51,496 [INFO]   Client 52 Loss: 7.5585
2026-07-21 04:39:00,764 [INFO]   Client 53 Loss: 7.1294
2026-07-21 04:39:06,211 [INFO]   Client 54 Loss: 7.2739
2026-07-21 04:39:13,961 [INFO]   Client 55 Loss: 7.1143
2026-07-21 04:39:15,081 [INFO]   Client 56 Loss: 7.7149
2026-07-21 04:39:15,969 [INFO]   Client 57 Loss: 7.7592
2026-07-21 04:39:25,285 [INFO]   Client 58 Loss: 7.1325
2026-07-21 04:39:34,026 [INFO]   Client 59 Loss: 7.2088
2026-07-21 04:41:46,868 [INFO] [Task 1 | Round 3/30 | Global 33] Acc: 21.50% | F1-Mac: 11.16% | Loss: 7.4024
2026-07-21 04:41:46,888 [INFO] 
--- Task 1, Round 4/30 (Global 34) ---
2026-07-21 04:41:51,784 [INFO]   Client 0 Loss: 7.1870
2026-07-21 04:41:54,786 [INFO]   Client 1 Loss: 7.1773
2026-07-21 04:42:05,541 [INFO]   Client 2 Loss: 7.1168
2026-07-21 04:42:11,562 [INFO]   Client 3 Loss: 7.5928
2026-07-21 04:42:15,118 [INFO]   Client 4 Loss: 7.3951
2026-07-21 04:42:18,573 [INFO]   Client 5 Loss: 7.2231
2026-07-21 04:42:26,166 [INFO]   Client 6 Loss: 7.0214
2026-07-21 04:42:40,618 [INFO]   Client 7 Loss: 6.9005
2026-07-21 04:42:50,236 [INFO]   Client 8 Loss: 7.4733
2026-07-21 04:42:56,301 [INFO]   Client 9 Loss: 7.0378
2026-07-21 04:42:59,195 [INFO]   Client 10 Loss: 7.5547
2026-07-21 04:43:07,800 [INFO]   Client 11 Loss: 7.1565
2026-07-21 04:43:09,563 [INFO]   Client 12 Loss: 7.4417
2026-07-21 04:43:20,879 [INFO]   Client 13 Loss: 7.0291
2026-07-21 04:43:21,117 [INFO]   Client 14 Loss: 7.5009
2026-07-21 04:43:21,739 [INFO]   Client 15 Loss: 7.7883
2026-07-21 04:43:22,172 [INFO]   Client 16 Loss: 7.4670
2026-07-21 04:43:23,180 [INFO]   Client 17 Loss: 7.4857
2026-07-21 04:43:23,542 [INFO]   Client 18 Loss: 7.3550
2026-07-21 04:43:26,382 [INFO]   Client 19 Loss: 7.3732
2026-07-21 04:43:37,055 [INFO]   Client 20 Loss: 7.0764
2026-07-21 04:43:41,972 [INFO]   Client 21 Loss: 7.6359
2026-07-21 04:43:46,915 [INFO]   Client 22 Loss: 7.1388
2026-07-21 04:43:54,286 [INFO]   Client 23 Loss: 7.1158
2026-07-21 04:44:05,927 [INFO]   Client 24 Loss: 7.0584
2026-07-21 04:44:06,133 [INFO]   Client 25 Loss: 7.7395
2026-07-21 04:44:06,751 [INFO]   Client 27 Loss: 7.8172
2026-07-21 04:44:13,258 [INFO]   Client 28 Loss: 7.1761
2026-07-21 04:44:21,969 [INFO]   Client 29 Loss: 7.1176
2026-07-21 04:44:23,975 [INFO]   Client 30 Loss: 7.2176
2026-07-21 04:44:36,527 [INFO]   Client 31 Loss: 6.9304
2026-07-21 04:44:40,338 [INFO]   Client 32 Loss: 7.3919
2026-07-21 04:44:41,979 [INFO]   Client 33 Loss: 7.4275
2026-07-21 04:44:46,724 [INFO]   Client 35 Loss: 7.0488
2026-07-21 04:44:50,633 [INFO]   Client 36 Loss: 7.1771
2026-07-21 04:44:56,536 [INFO]   Client 37 Loss: 7.1151
2026-07-21 04:44:56,629 [INFO]   Client 38 Loss: 9.0368
2026-07-21 04:44:57,400 [INFO]   Client 39 Loss: 7.4686
2026-07-21 04:45:14,332 [INFO]   Client 40 Loss: 6.8443
2026-07-21 04:45:14,839 [INFO]   Client 41 Loss: 7.6675
2026-07-21 04:45:15,088 [INFO]   Client 42 Loss: 7.7098
2026-07-21 04:45:15,331 [INFO]   Client 43 Loss: 7.7226
2026-07-21 04:45:27,860 [INFO]   Client 44 Loss: 7.0439
2026-07-21 04:45:28,351 [INFO]   Client 45 Loss: 8.2057
2026-07-21 04:45:29,306 [INFO]   Client 46 Loss: 7.3643
2026-07-21 04:45:46,906 [INFO]   Client 47 Loss: 7.0756
2026-07-21 04:45:52,379 [INFO]   Client 48 Loss: 7.0208
2026-07-21 04:45:54,147 [INFO]   Client 49 Loss: 7.2680
2026-07-21 04:45:58,428 [INFO]   Client 50 Loss: 7.0910
2026-07-21 04:46:06,863 [INFO]   Client 51 Loss: 7.0381
2026-07-21 04:46:11,537 [INFO]   Client 52 Loss: 7.5435
2026-07-21 04:46:20,671 [INFO]   Client 53 Loss: 7.0424
2026-07-21 04:46:26,298 [INFO]   Client 54 Loss: 7.1835
2026-07-21 04:46:33,956 [INFO]   Client 55 Loss: 7.0077
2026-07-21 04:46:35,245 [INFO]   Client 56 Loss: 7.7820
2026-07-21 04:46:36,156 [INFO]   Client 57 Loss: 7.8593
2026-07-21 04:46:45,708 [INFO]   Client 58 Loss: 7.0321
2026-07-21 04:46:54,487 [INFO]   Client 59 Loss: 7.1713
2026-07-21 04:49:06,693 [INFO] [Task 1 | Round 4/30 | Global 34] Acc: 21.57% | F1-Mac: 11.23% | Loss: 7.3386
2026-07-21 04:49:06,712 [INFO] 
--- Task 1, Round 5/30 (Global 35) ---
2026-07-21 04:49:11,628 [INFO]   Client 0 Loss: 7.1250
2026-07-21 04:49:14,611 [INFO]   Client 1 Loss: 7.1193
2026-07-21 04:49:25,189 [INFO]   Client 2 Loss: 7.0698
2026-07-21 04:49:31,167 [INFO]   Client 3 Loss: 7.5537
2026-07-21 04:49:34,868 [INFO]   Client 4 Loss: 7.3514
2026-07-21 04:49:38,165 [INFO]   Client 5 Loss: 7.1493
2026-07-21 04:49:45,922 [INFO]   Client 6 Loss: 6.9923
2026-07-21 04:50:00,207 [INFO]   Client 7 Loss: 6.8365
2026-07-21 04:50:09,787 [INFO]   Client 8 Loss: 7.4807
2026-07-21 04:50:15,830 [INFO]   Client 9 Loss: 6.9837
2026-07-21 04:50:18,696 [INFO]   Client 10 Loss: 7.5464
2026-07-21 04:50:27,032 [INFO]   Client 11 Loss: 7.1063
2026-07-21 04:50:28,798 [INFO]   Client 12 Loss: 7.3580
2026-07-21 04:50:40,058 [INFO]   Client 13 Loss: 6.9835
2026-07-21 04:50:40,294 [INFO]   Client 14 Loss: 7.4885
2026-07-21 04:50:41,046 [INFO]   Client 15 Loss: 7.7700
2026-07-21 04:50:41,326 [INFO]   Client 16 Loss: 7.4227
2026-07-21 04:50:42,331 [INFO]   Client 17 Loss: 7.4179
2026-07-21 04:50:42,686 [INFO]   Client 18 Loss: 7.4358
2026-07-21 04:50:45,652 [INFO]   Client 19 Loss: 7.3240
2026-07-21 04:50:56,430 [INFO]   Client 20 Loss: 7.0080
2026-07-21 04:51:01,333 [INFO]   Client 21 Loss: 7.6569
2026-07-21 04:51:06,240 [INFO]   Client 22 Loss: 7.0829
2026-07-21 04:51:13,515 [INFO]   Client 23 Loss: 7.0514
2026-07-21 04:51:25,143 [INFO]   Client 24 Loss: 7.0399
2026-07-21 04:51:25,349 [INFO]   Client 25 Loss: 7.7015
2026-07-21 04:51:25,957 [INFO]   Client 27 Loss: 7.8562
2026-07-21 04:51:32,381 [INFO]   Client 28 Loss: 7.1471
2026-07-21 04:51:41,018 [INFO]   Client 29 Loss: 7.0958
2026-07-21 04:51:42,991 [INFO]   Client 30 Loss: 7.1580
2026-07-21 04:51:55,438 [INFO]   Client 31 Loss: 6.9116
2026-07-21 04:51:59,260 [INFO]   Client 32 Loss: 7.3334
2026-07-21 04:52:00,750 [INFO]   Client 33 Loss: 7.3912
2026-07-21 04:52:05,644 [INFO]   Client 35 Loss: 7.0004
2026-07-21 04:52:09,545 [INFO]   Client 36 Loss: 7.1421
2026-07-21 04:52:15,471 [INFO]   Client 37 Loss: 7.0701
2026-07-21 04:52:15,564 [INFO]   Client 38 Loss: 9.1072
2026-07-21 04:52:16,346 [INFO]   Client 39 Loss: 7.4150
2026-07-21 04:52:33,204 [INFO]   Client 40 Loss: 6.8101
2026-07-21 04:52:33,723 [INFO]   Client 41 Loss: 7.7508
2026-07-21 04:52:34,110 [INFO]   Client 42 Loss: 7.7053
2026-07-21 04:52:34,349 [INFO]   Client 43 Loss: 7.6836
2026-07-21 04:52:46,715 [INFO]   Client 44 Loss: 6.9913
2026-07-21 04:52:47,350 [INFO]   Client 45 Loss: 8.1582
2026-07-21 04:52:48,155 [INFO]   Client 46 Loss: 7.3228
2026-07-21 04:53:05,602 [INFO]   Client 47 Loss: 7.0304
2026-07-21 04:53:11,036 [INFO]   Client 48 Loss: 6.9539
2026-07-21 04:53:12,943 [INFO]   Client 49 Loss: 7.2026
2026-07-21 04:53:17,155 [INFO]   Client 50 Loss: 7.0408
2026-07-21 04:53:25,348 [INFO]   Client 51 Loss: 7.0219
2026-07-21 04:53:30,017 [INFO]   Client 52 Loss: 7.5337
2026-07-21 04:53:39,270 [INFO]   Client 53 Loss: 6.9966
2026-07-21 04:53:44,697 [INFO]   Client 54 Loss: 7.1569
2026-07-21 04:53:52,228 [INFO]   Client 55 Loss: 6.9310
2026-07-21 04:53:53,503 [INFO]   Client 56 Loss: 7.7791
2026-07-21 04:53:54,395 [INFO]   Client 57 Loss: 7.7212
2026-07-21 04:54:03,816 [INFO]   Client 58 Loss: 6.9701
2026-07-21 04:54:12,537 [INFO]   Client 59 Loss: 7.1369
2026-07-21 04:56:24,110 [INFO] [Task 1 | Round 5/30 | Global 35] Acc: 21.65% | F1-Mac: 11.41% | Loss: 7.3031
2026-07-21 04:56:24,132 [INFO] 
--- Task 1, Round 6/30 (Global 36) ---
2026-07-21 04:56:29,086 [INFO]   Client 0 Loss: 7.0757
2026-07-21 04:56:32,085 [INFO]   Client 1 Loss: 7.0924
2026-07-21 04:56:42,673 [INFO]   Client 2 Loss: 7.0424
2026-07-21 04:56:48,655 [INFO]   Client 3 Loss: 7.5749
2026-07-21 04:56:52,344 [INFO]   Client 4 Loss: 7.3243
2026-07-21 04:56:55,624 [INFO]   Client 5 Loss: 7.0907
2026-07-21 04:57:03,387 [INFO]   Client 6 Loss: 6.9266
2026-07-21 04:57:17,743 [INFO]   Client 7 Loss: 6.8054
2026-07-21 04:57:27,349 [INFO]   Client 8 Loss: 7.4495
2026-07-21 04:57:33,383 [INFO]   Client 9 Loss: 6.9425
2026-07-21 04:57:36,263 [INFO]   Client 10 Loss: 7.5529
2026-07-21 04:57:44,806 [INFO]   Client 11 Loss: 7.0719
2026-07-21 04:57:46,430 [INFO]   Client 12 Loss: 7.3161
2026-07-21 04:57:57,882 [INFO]   Client 13 Loss: 6.9549
2026-07-21 04:57:58,133 [INFO]   Client 14 Loss: 7.4715
2026-07-21 04:57:58,748 [INFO]   Client 15 Loss: 7.7562
2026-07-21 04:57:59,030 [INFO]   Client 16 Loss: 7.3799
2026-07-21 04:58:00,187 [INFO]   Client 17 Loss: 7.3952
2026-07-21 04:58:00,545 [INFO]   Client 18 Loss: 7.3729
2026-07-21 04:58:03,362 [INFO]   Client 19 Loss: 7.3120
2026-07-21 04:58:14,173 [INFO]   Client 20 Loss: 6.9939
2026-07-21 04:58:19,081 [INFO]   Client 21 Loss: 7.6534
2026-07-21 04:58:23,984 [INFO]   Client 22 Loss: 7.0414
2026-07-21 04:58:31,259 [INFO]   Client 23 Loss: 7.0020
2026-07-21 04:58:42,899 [INFO]   Client 24 Loss: 7.0223
2026-07-21 04:58:43,104 [INFO]   Client 25 Loss: 7.7374
2026-07-21 04:58:43,717 [INFO]   Client 27 Loss: 7.8875
2026-07-21 04:58:49,996 [INFO]   Client 28 Loss: 7.1067
2026-07-21 04:58:58,606 [INFO]   Client 29 Loss: 7.0504
2026-07-21 04:59:00,573 [INFO]   Client 30 Loss: 7.0988
2026-07-21 04:59:12,878 [INFO]   Client 31 Loss: 6.8818
2026-07-21 04:59:16,819 [INFO]   Client 32 Loss: 7.2781
2026-07-21 04:59:18,308 [INFO]   Client 33 Loss: 7.3510
2026-07-21 04:59:23,111 [INFO]   Client 35 Loss: 6.9731
2026-07-21 04:59:27,194 [INFO]   Client 36 Loss: 7.0968
2026-07-21 04:59:33,175 [INFO]   Client 37 Loss: 7.0435
2026-07-21 04:59:33,268 [INFO]   Client 38 Loss: 9.1037
2026-07-21 04:59:34,031 [INFO]   Client 39 Loss: 7.4151
2026-07-21 04:59:51,022 [INFO]   Client 40 Loss: 6.7610
2026-07-21 04:59:51,529 [INFO]   Client 41 Loss: 7.7057
2026-07-21 04:59:51,775 [INFO]   Client 42 Loss: 7.7143
2026-07-21 04:59:52,016 [INFO]   Client 43 Loss: 7.7127
2026-07-21 05:00:04,498 [INFO]   Client 44 Loss: 6.9408
2026-07-21 05:00:04,988 [INFO]   Client 45 Loss: 8.1425
2026-07-21 05:00:05,954 [INFO]   Client 46 Loss: 7.2685
2026-07-21 05:00:23,270 [INFO]   Client 47 Loss: 6.9987
2026-07-21 05:00:28,689 [INFO]   Client 48 Loss: 6.9269
2026-07-21 05:00:30,586 [INFO]   Client 49 Loss: 7.1667
2026-07-21 05:00:34,848 [INFO]   Client 50 Loss: 7.0053
2026-07-21 05:00:43,204 [INFO]   Client 51 Loss: 7.0018
2026-07-21 05:00:47,944 [INFO]   Client 52 Loss: 7.5102
2026-07-21 05:00:57,281 [INFO]   Client 53 Loss: 6.9707
2026-07-21 05:01:02,759 [INFO]   Client 54 Loss: 7.1283
2026-07-21 05:01:10,518 [INFO]   Client 55 Loss: 6.8868
2026-07-21 05:01:11,640 [INFO]   Client 56 Loss: 7.7372
2026-07-21 05:01:12,529 [INFO]   Client 57 Loss: 7.6810
2026-07-21 05:01:21,982 [INFO]   Client 58 Loss: 6.9276
2026-07-21 05:01:30,825 [INFO]   Client 59 Loss: 7.0824
2026-07-21 05:03:44,650 [INFO] [Task 1 | Round 6/30 | Global 36] Acc: 21.69% | F1-Mac: 11.59% | Loss: 7.2744
2026-07-21 05:03:44,670 [INFO] 
--- Task 1, Round 7/30 (Global 37) ---
2026-07-21 05:03:49,644 [INFO]   Client 0 Loss: 7.0452
2026-07-21 05:03:52,630 [INFO]   Client 1 Loss: 7.0867
2026-07-21 05:04:03,322 [INFO]   Client 2 Loss: 6.9924
2026-07-21 05:04:09,314 [INFO]   Client 3 Loss: 7.5501
2026-07-21 05:04:12,877 [INFO]   Client 4 Loss: 7.2360
2026-07-21 05:04:16,358 [INFO]   Client 5 Loss: 7.0385
2026-07-21 05:04:23,998 [INFO]   Client 6 Loss: 6.9120
2026-07-21 05:04:38,420 [INFO]   Client 7 Loss: 6.7707
2026-07-21 05:04:48,066 [INFO]   Client 8 Loss: 7.4405
2026-07-21 05:04:54,193 [INFO]   Client 9 Loss: 6.9139
2026-07-21 05:04:57,096 [INFO]   Client 10 Loss: 7.5152
2026-07-21 05:05:05,722 [INFO]   Client 11 Loss: 7.0386
2026-07-21 05:05:07,526 [INFO]   Client 12 Loss: 7.2934
2026-07-21 05:05:18,809 [INFO]   Client 13 Loss: 6.9028
2026-07-21 05:05:19,046 [INFO]   Client 14 Loss: 7.4571
2026-07-21 05:05:19,655 [INFO]   Client 15 Loss: 7.7450
2026-07-21 05:05:20,079 [INFO]   Client 16 Loss: 7.3508
2026-07-21 05:05:21,084 [INFO]   Client 17 Loss: 7.3661
2026-07-21 05:05:21,439 [INFO]   Client 18 Loss: 7.2334
2026-07-21 05:05:24,260 [INFO]   Client 19 Loss: 7.2609
2026-07-21 05:05:34,903 [INFO]   Client 20 Loss: 6.9463
2026-07-21 05:05:39,805 [INFO]   Client 21 Loss: 7.6345
2026-07-21 05:05:44,711 [INFO]   Client 22 Loss: 7.0175
2026-07-21 05:05:52,027 [INFO]   Client 23 Loss: 6.9683
2026-07-21 05:06:03,532 [INFO]   Client 24 Loss: 6.9881
2026-07-21 05:06:03,733 [INFO]   Client 25 Loss: 7.7047
2026-07-21 05:06:04,343 [INFO]   Client 27 Loss: 7.9058
2026-07-21 05:06:10,779 [INFO]   Client 28 Loss: 7.0762
2026-07-21 05:06:19,375 [INFO]   Client 29 Loss: 7.0460
2026-07-21 05:06:21,361 [INFO]   Client 30 Loss: 7.0685
2026-07-21 05:06:33,825 [INFO]   Client 31 Loss: 6.8690
2026-07-21 05:06:37,620 [INFO]   Client 32 Loss: 7.2165
2026-07-21 05:06:39,253 [INFO]   Client 33 Loss: 7.3296
2026-07-21 05:06:44,007 [INFO]   Client 35 Loss: 6.9333
2026-07-21 05:06:47,925 [INFO]   Client 36 Loss: 7.0661
2026-07-21 05:06:53,887 [INFO]   Client 37 Loss: 7.0232
2026-07-21 05:06:53,981 [INFO]   Client 38 Loss: 9.1578
2026-07-21 05:06:54,758 [INFO]   Client 39 Loss: 7.3808
2026-07-21 05:07:11,726 [INFO]   Client 40 Loss: 6.7256
2026-07-21 05:07:12,230 [INFO]   Client 41 Loss: 7.6714
2026-07-21 05:07:12,473 [INFO]   Client 42 Loss: 7.6844
2026-07-21 05:07:12,714 [INFO]   Client 43 Loss: 7.6727
2026-07-21 05:07:25,357 [INFO]   Client 44 Loss: 6.8952
2026-07-21 05:07:25,849 [INFO]   Client 45 Loss: 7.8164
2026-07-21 05:07:26,793 [INFO]   Client 46 Loss: 7.2655
2026-07-21 05:07:44,334 [INFO]   Client 47 Loss: 6.9672
2026-07-21 05:07:49,787 [INFO]   Client 48 Loss: 6.8778
2026-07-21 05:07:51,552 [INFO]   Client 49 Loss: 7.1002
2026-07-21 05:07:55,783 [INFO]   Client 50 Loss: 6.9728
2026-07-21 05:08:04,151 [INFO]   Client 51 Loss: 6.9563
2026-07-21 05:08:08,830 [INFO]   Client 52 Loss: 7.5068
2026-07-21 05:08:17,983 [INFO]   Client 53 Loss: 6.9248
2026-07-21 05:08:23,613 [INFO]   Client 54 Loss: 7.0902
2026-07-21 05:08:31,223 [INFO]   Client 55 Loss: 6.8507
2026-07-21 05:08:32,500 [INFO]   Client 56 Loss: 7.7063
2026-07-21 05:08:33,393 [INFO]   Client 57 Loss: 7.8111
2026-07-21 05:08:42,883 [INFO]   Client 58 Loss: 6.8845
2026-07-21 05:08:51,655 [INFO]   Client 59 Loss: 7.0701
2026-07-21 05:11:04,501 [INFO] [Task 1 | Round 7/30 | Global 37] Acc: 22.36% | F1-Mac: 12.38% | Loss: 7.2402
2026-07-21 05:11:04,521 [INFO] 
--- Task 1, Round 8/30 (Global 38) ---
2026-07-21 05:11:09,443 [INFO]   Client 0 Loss: 7.0189
2026-07-21 05:11:12,412 [INFO]   Client 1 Loss: 7.0226
2026-07-21 05:11:22,901 [INFO]   Client 2 Loss: 6.9671
2026-07-21 05:11:28,891 [INFO]   Client 3 Loss: 7.5461
2026-07-21 05:11:32,592 [INFO]   Client 4 Loss: 7.2244
2026-07-21 05:11:35,883 [INFO]   Client 5 Loss: 6.9835
2026-07-21 05:11:43,638 [INFO]   Client 6 Loss: 6.8667
2026-07-21 05:11:58,000 [INFO]   Client 7 Loss: 6.7357
2026-07-21 05:12:07,658 [INFO]   Client 8 Loss: 7.4066
2026-07-21 05:12:13,715 [INFO]   Client 9 Loss: 6.8898
2026-07-21 05:12:16,597 [INFO]   Client 10 Loss: 7.4731
2026-07-21 05:12:24,964 [INFO]   Client 11 Loss: 7.0243
2026-07-21 05:12:26,735 [INFO]   Client 12 Loss: 7.2898
2026-07-21 05:12:37,988 [INFO]   Client 13 Loss: 6.8786
2026-07-21 05:12:38,222 [INFO]   Client 14 Loss: 7.4672
2026-07-21 05:12:38,981 [INFO]   Client 15 Loss: 7.6841
2026-07-21 05:12:39,263 [INFO]   Client 16 Loss: 7.3247
2026-07-21 05:12:40,263 [INFO]   Client 17 Loss: 7.3265
2026-07-21 05:12:40,617 [INFO]   Client 18 Loss: 7.2666
2026-07-21 05:12:43,584 [INFO]   Client 19 Loss: 7.2471
2026-07-21 05:12:54,357 [INFO]   Client 20 Loss: 6.8968
2026-07-21 05:12:59,288 [INFO]   Client 21 Loss: 7.5853
2026-07-21 05:13:04,230 [INFO]   Client 22 Loss: 6.9438
2026-07-21 05:13:11,525 [INFO]   Client 23 Loss: 6.9381
2026-07-21 05:13:23,210 [INFO]   Client 24 Loss: 6.9589
2026-07-21 05:13:23,413 [INFO]   Client 25 Loss: 7.6646
2026-07-21 05:13:24,022 [INFO]   Client 27 Loss: 7.8587
2026-07-21 05:13:30,405 [INFO]   Client 28 Loss: 7.0479
2026-07-21 05:13:39,042 [INFO]   Client 29 Loss: 7.0083
2026-07-21 05:13:41,007 [INFO]   Client 30 Loss: 7.0243
2026-07-21 05:13:53,423 [INFO]   Client 31 Loss: 6.8223
2026-07-21 05:13:57,235 [INFO]   Client 32 Loss: 7.1599
2026-07-21 05:13:58,716 [INFO]   Client 33 Loss: 7.3096
2026-07-21 05:14:03,609 [INFO]   Client 35 Loss: 6.9069
2026-07-21 05:14:07,517 [INFO]   Client 36 Loss: 7.0405
2026-07-21 05:14:13,441 [INFO]   Client 37 Loss: 6.9885
2026-07-21 05:14:13,533 [INFO]   Client 38 Loss: 9.1896
2026-07-21 05:14:14,297 [INFO]   Client 39 Loss: 7.3835
2026-07-21 05:14:31,144 [INFO]   Client 40 Loss: 6.7042
2026-07-21 05:14:31,645 [INFO]   Client 41 Loss: 7.5606
2026-07-21 05:14:32,039 [INFO]   Client 42 Loss: 7.6632
2026-07-21 05:14:32,280 [INFO]   Client 43 Loss: 7.6982
2026-07-21 05:14:44,597 [INFO]   Client 44 Loss: 6.8566
2026-07-21 05:14:45,237 [INFO]   Client 45 Loss: 8.0134
2026-07-21 05:14:46,050 [INFO]   Client 46 Loss: 7.2017
2026-07-21 05:15:03,581 [INFO]   Client 47 Loss: 6.9396
2026-07-21 05:15:09,014 [INFO]   Client 48 Loss: 6.8511
2026-07-21 05:15:10,919 [INFO]   Client 49 Loss: 7.0630
2026-07-21 05:15:15,117 [INFO]   Client 50 Loss: 6.9498
2026-07-21 05:15:23,276 [INFO]   Client 51 Loss: 6.9268
2026-07-21 05:15:27,927 [INFO]   Client 52 Loss: 7.4406
2026-07-21 05:15:37,182 [INFO]   Client 53 Loss: 6.9012
2026-07-21 05:15:42,608 [INFO]   Client 54 Loss: 7.0993
2026-07-21 05:15:50,233 [INFO]   Client 55 Loss: 6.7935
2026-07-21 05:15:51,501 [INFO]   Client 56 Loss: 7.6555
2026-07-21 05:15:52,391 [INFO]   Client 57 Loss: 7.6074
2026-07-21 05:16:01,874 [INFO]   Client 58 Loss: 6.8462
2026-07-21 05:16:10,673 [INFO]   Client 59 Loss: 7.0521
2026-07-21 05:18:23,594 [INFO] [Task 1 | Round 8/30 | Global 38] Acc: 22.49% | F1-Mac: 12.57% | Loss: 7.2103
2026-07-21 05:18:23,613 [INFO] 
--- Task 1, Round 9/30 (Global 39) ---
2026-07-21 05:18:28,540 [INFO]   Client 0 Loss: 6.9979
2026-07-21 05:18:31,528 [INFO]   Client 1 Loss: 7.0081
2026-07-21 05:18:42,134 [INFO]   Client 2 Loss: 6.9383
2026-07-21 05:18:48,109 [INFO]   Client 3 Loss: 7.4918
2026-07-21 05:18:51,816 [INFO]   Client 4 Loss: 7.2323
2026-07-21 05:18:55,074 [INFO]   Client 5 Loss: 6.9406
2026-07-21 05:19:02,813 [INFO]   Client 6 Loss: 6.8604
2026-07-21 05:19:17,150 [INFO]   Client 7 Loss: 6.7241
2026-07-21 05:19:26,764 [INFO]   Client 8 Loss: 7.4294
2026-07-21 05:19:32,821 [INFO]   Client 9 Loss: 6.8676
2026-07-21 05:19:35,700 [INFO]   Client 10 Loss: 7.4942
2026-07-21 05:19:44,255 [INFO]   Client 11 Loss: 7.0016
2026-07-21 05:19:45,874 [INFO]   Client 12 Loss: 7.2531
2026-07-21 05:19:57,287 [INFO]   Client 13 Loss: 6.8545
2026-07-21 05:19:57,519 [INFO]   Client 14 Loss: 7.4679
2026-07-21 05:19:58,131 [INFO]   Client 15 Loss: 7.6918
2026-07-21 05:19:58,410 [INFO]   Client 16 Loss: 7.2969
2026-07-21 05:19:59,552 [INFO]   Client 17 Loss: 7.2987
2026-07-21 05:19:59,912 [INFO]   Client 18 Loss: 7.2612
2026-07-21 05:20:02,728 [INFO]   Client 19 Loss: 7.2346
2026-07-21 05:20:13,513 [INFO]   Client 20 Loss: 6.9132
2026-07-21 05:20:18,428 [INFO]   Client 21 Loss: 7.5752
2026-07-21 05:20:23,347 [INFO]   Client 22 Loss: 6.9147
2026-07-21 05:20:30,597 [INFO]   Client 23 Loss: 6.9218
2026-07-21 05:20:42,201 [INFO]   Client 24 Loss: 6.9558
2026-07-21 05:20:42,404 [INFO]   Client 25 Loss: 7.6729
2026-07-21 05:20:43,013 [INFO]   Client 27 Loss: 7.9112
2026-07-21 05:20:49,299 [INFO]   Client 28 Loss: 7.0369
2026-07-21 05:20:57,878 [INFO]   Client 29 Loss: 7.0110
2026-07-21 05:20:59,843 [INFO]   Client 30 Loss: 7.0403
2026-07-21 05:21:12,086 [INFO]   Client 31 Loss: 6.8249
2026-07-21 05:21:16,006 [INFO]   Client 32 Loss: 7.1137
2026-07-21 05:21:17,494 [INFO]   Client 33 Loss: 7.2630
2026-07-21 05:21:22,236 [INFO]   Client 35 Loss: 6.8931
2026-07-21 05:21:26,286 [INFO]   Client 36 Loss: 7.0340
2026-07-21 05:21:32,218 [INFO]   Client 37 Loss: 6.9676
2026-07-21 05:21:32,311 [INFO]   Client 38 Loss: 9.3214
2026-07-21 05:21:33,081 [INFO]   Client 39 Loss: 7.3916
2026-07-21 05:21:49,966 [INFO]   Client 40 Loss: 6.6669
2026-07-21 05:21:50,476 [INFO]   Client 41 Loss: 7.6787
2026-07-21 05:21:50,718 [INFO]   Client 42 Loss: 7.6598
2026-07-21 05:21:50,959 [INFO]   Client 43 Loss: 7.6594
2026-07-21 05:22:03,448 [INFO]   Client 44 Loss: 6.8336
2026-07-21 05:22:03,932 [INFO]   Client 45 Loss: 8.0332
2026-07-21 05:22:04,881 [INFO]   Client 46 Loss: 7.2173
2026-07-21 05:22:22,202 [INFO]   Client 47 Loss: 6.9222
2026-07-21 05:22:27,668 [INFO]   Client 48 Loss: 6.8334
2026-07-21 05:22:29,580 [INFO]   Client 49 Loss: 7.0300
2026-07-21 05:22:33,780 [INFO]   Client 50 Loss: 6.9230
2026-07-21 05:22:42,153 [INFO]   Client 51 Loss: 6.9234
2026-07-21 05:22:46,835 [INFO]   Client 52 Loss: 7.4419
2026-07-21 05:22:56,075 [INFO]   Client 53 Loss: 6.8766
2026-07-21 05:23:01,480 [INFO]   Client 54 Loss: 7.0789
2026-07-21 05:23:09,200 [INFO]   Client 55 Loss: 6.7752
2026-07-21 05:23:10,319 [INFO]   Client 56 Loss: 7.7100
2026-07-21 05:23:11,200 [INFO]   Client 57 Loss: 7.6323
2026-07-21 05:23:20,480 [INFO]   Client 58 Loss: 6.8153
2026-07-21 05:23:29,229 [INFO]   Client 59 Loss: 7.0460
2026-07-21 05:25:41,841 [INFO] [Task 1 | Round 9/30 | Global 39] Acc: 28.55% | F1-Mac: 17.21% | Loss: 7.2046
2026-07-21 05:25:41,862 [INFO] 
--- Task 1, Round 10/30 (Global 40) ---
2026-07-21 05:25:46,742 [INFO]   Client 0 Loss: 6.9815
2026-07-21 05:25:49,732 [INFO]   Client 1 Loss: 7.0109
2026-07-21 05:26:00,428 [INFO]   Client 2 Loss: 6.9355
2026-07-21 05:26:06,395 [INFO]   Client 3 Loss: 7.4780
2026-07-21 05:26:09,951 [INFO]   Client 4 Loss: 7.2062
2026-07-21 05:26:13,365 [INFO]   Client 5 Loss: 6.9143
2026-07-21 05:26:20,963 [INFO]   Client 6 Loss: 6.8574
2026-07-21 05:26:35,267 [INFO]   Client 7 Loss: 6.7091
2026-07-21 05:26:44,850 [INFO]   Client 8 Loss: 7.3977
2026-07-21 05:26:50,913 [INFO]   Client 9 Loss: 6.8655
2026-07-21 05:26:53,799 [INFO]   Client 10 Loss: 7.4521
2026-07-21 05:27:02,314 [INFO]   Client 11 Loss: 6.9825
2026-07-21 05:27:04,074 [INFO]   Client 12 Loss: 7.2686
2026-07-21 05:27:15,376 [INFO]   Client 13 Loss: 6.8410
2026-07-21 05:27:15,619 [INFO]   Client 14 Loss: 7.4615
2026-07-21 05:27:16,233 [INFO]   Client 15 Loss: 7.6844
2026-07-21 05:27:16,655 [INFO]   Client 16 Loss: 7.2945
2026-07-21 05:27:17,657 [INFO]   Client 17 Loss: 7.2788
2026-07-21 05:27:18,017 [INFO]   Client 18 Loss: 7.2789
2026-07-21 05:27:20,809 [INFO]   Client 19 Loss: 7.2269
2026-07-21 05:27:31,425 [INFO]   Client 20 Loss: 6.8699
2026-07-21 05:27:36,321 [INFO]   Client 21 Loss: 7.5641
2026-07-21 05:27:41,235 [INFO]   Client 22 Loss: 6.9179
2026-07-21 05:27:48,509 [INFO]   Client 23 Loss: 6.8688
2026-07-21 05:27:59,996 [INFO]   Client 24 Loss: 6.9379
2026-07-21 05:28:00,197 [INFO]   Client 25 Loss: 7.7071
2026-07-21 05:28:00,809 [INFO]   Client 27 Loss: 7.9009
2026-07-21 05:28:07,211 [INFO]   Client 28 Loss: 7.0173
2026-07-21 05:28:15,786 [INFO]   Client 29 Loss: 6.9791
2026-07-21 05:28:17,766 [INFO]   Client 30 Loss: 7.0407
2026-07-21 05:28:30,174 [INFO]   Client 31 Loss: 6.8080
2026-07-21 05:28:33,975 [INFO]   Client 32 Loss: 7.0743
2026-07-21 05:28:35,603 [INFO]   Client 33 Loss: 7.2585
2026-07-21 05:28:40,395 [INFO]   Client 35 Loss: 6.9011
2026-07-21 05:28:44,290 [INFO]   Client 36 Loss: 7.0206
2026-07-21 05:28:50,213 [INFO]   Client 37 Loss: 6.9662
2026-07-21 05:28:50,308 [INFO]   Client 38 Loss: 9.2693
2026-07-21 05:28:51,076 [INFO]   Client 39 Loss: 7.3705
2026-07-21 05:29:08,086 [INFO]   Client 40 Loss: 6.6534
2026-07-21 05:29:08,599 [INFO]   Client 41 Loss: 7.6528
2026-07-21 05:29:08,842 [INFO]   Client 42 Loss: 7.6996
2026-07-21 05:29:09,081 [INFO]   Client 43 Loss: 7.6907
2026-07-21 05:29:21,587 [INFO]   Client 44 Loss: 6.7986
2026-07-21 05:29:22,072 [INFO]   Client 45 Loss: 7.8151
2026-07-21 05:29:23,016 [INFO]   Client 46 Loss: 7.2183
2026-07-21 05:29:40,543 [INFO]   Client 47 Loss: 6.9203
2026-07-21 05:29:45,981 [INFO]   Client 48 Loss: 6.8097
2026-07-21 05:29:47,753 [INFO]   Client 49 Loss: 7.0418
2026-07-21 05:29:51,960 [INFO]   Client 50 Loss: 6.9090
2026-07-21 05:30:00,303 [INFO]   Client 51 Loss: 6.8970
2026-07-21 05:30:04,970 [INFO]   Client 52 Loss: 7.4203
2026-07-21 05:30:14,024 [INFO]   Client 53 Loss: 6.8502
2026-07-21 05:30:19,634 [INFO]   Client 54 Loss: 7.0671
2026-07-21 05:30:27,181 [INFO]   Client 55 Loss: 6.7459
2026-07-21 05:30:28,451 [INFO]   Client 56 Loss: 7.6546
2026-07-21 05:30:29,340 [INFO]   Client 57 Loss: 7.6281
2026-07-21 05:30:38,871 [INFO]   Client 58 Loss: 6.8039
2026-07-21 05:30:47,646 [INFO]   Client 59 Loss: 7.0283
2026-07-21 05:32:59,495 [INFO] [Task 1 | Round 10/30 | Global 40] Acc: 30.52% | F1-Mac: 18.26% | Loss: 7.1880
2026-07-21 05:32:59,515 [INFO] 
--- Task 1, Round 11/30 (Global 41) ---
2026-07-21 05:33:04,414 [INFO]   Client 0 Loss: 6.9471
2026-07-21 05:33:07,406 [INFO]   Client 1 Loss: 7.0048
2026-07-21 05:33:17,971 [INFO]   Client 2 Loss: 6.9025
2026-07-21 05:33:23,963 [INFO]   Client 3 Loss: 7.4789
2026-07-21 05:33:27,632 [INFO]   Client 4 Loss: 7.1700
2026-07-21 05:33:30,888 [INFO]   Client 5 Loss: 6.8925
2026-07-21 05:33:38,652 [INFO]   Client 6 Loss: 6.8453
2026-07-21 05:33:52,885 [INFO]   Client 7 Loss: 6.6820
2026-07-21 05:34:02,476 [INFO]   Client 8 Loss: 7.3740
2026-07-21 05:34:08,520 [INFO]   Client 9 Loss: 6.8496
2026-07-21 05:34:11,416 [INFO]   Client 10 Loss: 7.4739
2026-07-21 05:34:19,768 [INFO]   Client 11 Loss: 6.9766
2026-07-21 05:34:21,526 [INFO]   Client 12 Loss: 7.2357
2026-07-21 05:34:32,834 [INFO]   Client 13 Loss: 6.8028
2026-07-21 05:34:33,070 [INFO]   Client 14 Loss: 7.4375
2026-07-21 05:34:33,824 [INFO]   Client 15 Loss: 7.6526
2026-07-21 05:34:34,107 [INFO]   Client 16 Loss: 7.2436
2026-07-21 05:34:35,108 [INFO]   Client 17 Loss: 7.2661
2026-07-21 05:34:35,469 [INFO]   Client 18 Loss: 7.2606
2026-07-21 05:34:38,429 [INFO]   Client 19 Loss: 7.2131
2026-07-21 05:34:49,195 [INFO]   Client 20 Loss: 6.8477
2026-07-21 05:34:54,058 [INFO]   Client 21 Loss: 7.5477
2026-07-21 05:34:58,965 [INFO]   Client 22 Loss: 6.8663
2026-07-21 05:35:06,249 [INFO]   Client 23 Loss: 6.8839
2026-07-21 05:35:17,819 [INFO]   Client 24 Loss: 6.9353
2026-07-21 05:35:18,020 [INFO]   Client 25 Loss: 7.6929
2026-07-21 05:35:18,627 [INFO]   Client 27 Loss: 7.8876
2026-07-21 05:35:24,999 [INFO]   Client 28 Loss: 6.9975
2026-07-21 05:35:33,601 [INFO]   Client 29 Loss: 6.9758
2026-07-21 05:35:35,584 [INFO]   Client 30 Loss: 6.9986
2026-07-21 05:35:48,001 [INFO]   Client 31 Loss: 6.7951
2026-07-21 05:35:51,792 [INFO]   Client 32 Loss: 7.0344
2026-07-21 05:35:53,276 [INFO]   Client 33 Loss: 7.2668
2026-07-21 05:35:58,195 [INFO]   Client 35 Loss: 6.8729
2026-07-21 05:36:02,114 [INFO]   Client 36 Loss: 7.0303
2026-07-21 05:36:08,084 [INFO]   Client 37 Loss: 6.9532
2026-07-21 05:36:08,178 [INFO]   Client 38 Loss: 9.2536
2026-07-21 05:36:08,954 [INFO]   Client 39 Loss: 7.3699
2026-07-21 05:36:25,740 [INFO]   Client 40 Loss: 6.6338
2026-07-21 05:36:26,257 [INFO]   Client 41 Loss: 7.6832
2026-07-21 05:36:26,656 [INFO]   Client 42 Loss: 7.6853
2026-07-21 05:36:26,894 [INFO]   Client 43 Loss: 7.6533
2026-07-21 05:36:39,236 [INFO]   Client 44 Loss: 6.7814
2026-07-21 05:36:39,870 [INFO]   Client 45 Loss: 7.8500
2026-07-21 05:36:40,671 [INFO]   Client 46 Loss: 7.2054
2026-07-21 05:36:58,101 [INFO]   Client 47 Loss: 6.8884
2026-07-21 05:37:03,487 [INFO]   Client 48 Loss: 6.8007
2026-07-21 05:37:05,381 [INFO]   Client 49 Loss: 7.0145
2026-07-21 05:37:09,587 [INFO]   Client 50 Loss: 6.8706
2026-07-21 05:37:17,800 [INFO]   Client 51 Loss: 6.8984
2026-07-21 05:37:22,454 [INFO]   Client 52 Loss: 7.4126
2026-07-21 05:37:31,706 [INFO]   Client 53 Loss: 6.8321
2026-07-21 05:37:37,141 [INFO]   Client 54 Loss: 7.0610
2026-07-21 05:37:44,743 [INFO]   Client 55 Loss: 6.7283
2026-07-21 05:37:46,028 [INFO]   Client 56 Loss: 7.6143
2026-07-21 05:37:46,919 [INFO]   Client 57 Loss: 7.5401
2026-07-21 05:37:56,465 [INFO]   Client 58 Loss: 6.7789
2026-07-21 05:38:05,237 [INFO]   Client 59 Loss: 6.9818
2026-07-21 05:40:16,904 [INFO] [Task 1 | Round 11/30 | Global 41] Acc: 31.25% | F1-Mac: 18.68% | Loss: 7.1695
2026-07-21 05:40:16,925 [INFO] 
--- Task 1, Round 12/30 (Global 42) ---
2026-07-21 05:40:21,855 [INFO]   Client 0 Loss: 6.9401
2026-07-21 05:40:24,855 [INFO]   Client 1 Loss: 6.9671
2026-07-21 05:40:35,414 [INFO]   Client 2 Loss: 6.8877
2026-07-21 05:40:41,412 [INFO]   Client 3 Loss: 7.4574
2026-07-21 05:40:45,116 [INFO]   Client 4 Loss: 7.1446
2026-07-21 05:40:48,397 [INFO]   Client 5 Loss: 6.8702
2026-07-21 05:40:56,186 [INFO]   Client 6 Loss: 6.8133
2026-07-21 05:41:10,459 [INFO]   Client 7 Loss: 6.6586
2026-07-21 05:41:20,066 [INFO]   Client 8 Loss: 7.3945
2026-07-21 05:41:26,142 [INFO]   Client 9 Loss: 6.8634
2026-07-21 05:41:29,026 [INFO]   Client 10 Loss: 7.4263
2026-07-21 05:41:37,549 [INFO]   Client 11 Loss: 6.9565
2026-07-21 05:41:39,175 [INFO]   Client 12 Loss: 7.2189
2026-07-21 05:41:50,605 [INFO]   Client 13 Loss: 6.7999
2026-07-21 05:41:50,843 [INFO]   Client 14 Loss: 7.4461
2026-07-21 05:41:51,458 [INFO]   Client 15 Loss: 7.6143
2026-07-21 05:41:51,739 [INFO]   Client 16 Loss: 7.2692
2026-07-21 05:41:52,899 [INFO]   Client 17 Loss: 7.2543
2026-07-21 05:41:53,256 [INFO]   Client 18 Loss: 7.2596
2026-07-21 05:41:56,085 [INFO]   Client 19 Loss: 7.2013
2026-07-21 05:42:06,880 [INFO]   Client 20 Loss: 6.8178
2026-07-21 05:42:11,792 [INFO]   Client 21 Loss: 7.5698
2026-07-21 05:42:16,736 [INFO]   Client 22 Loss: 6.8728
2026-07-21 05:42:24,100 [INFO]   Client 23 Loss: 6.8621
2026-07-21 05:42:35,707 [INFO]   Client 24 Loss: 6.9083
2026-07-21 05:42:35,934 [INFO]   Client 25 Loss: 7.6950
2026-07-21 05:42:36,544 [INFO]   Client 27 Loss: 7.9398
2026-07-21 05:42:42,836 [INFO]   Client 28 Loss: 6.9797
2026-07-21 05:42:51,422 [INFO]   Client 29 Loss: 6.9675
2026-07-21 05:42:53,383 [INFO]   Client 30 Loss: 6.9968
2026-07-21 05:43:05,741 [INFO]   Client 31 Loss: 6.7621
2026-07-21 05:43:09,705 [INFO]   Client 32 Loss: 7.0093
2026-07-21 05:43:11,181 [INFO]   Client 33 Loss: 7.2382
2026-07-21 05:43:15,911 [INFO]   Client 35 Loss: 6.8572
2026-07-21 05:43:19,967 [INFO]   Client 36 Loss: 6.9901
2026-07-21 05:43:25,876 [INFO]   Client 37 Loss: 6.9345
2026-07-21 05:43:25,970 [INFO]   Client 38 Loss: 9.2525
2026-07-21 05:43:26,738 [INFO]   Client 39 Loss: 7.3815
2026-07-21 05:43:43,798 [INFO]   Client 40 Loss: 6.6185
2026-07-21 05:43:44,303 [INFO]   Client 41 Loss: 7.6292
2026-07-21 05:43:44,547 [INFO]   Client 42 Loss: 7.7137
2026-07-21 05:43:44,790 [INFO]   Client 43 Loss: 7.7010
2026-07-21 05:43:57,406 [INFO]   Client 44 Loss: 6.7574
2026-07-21 05:43:57,901 [INFO]   Client 45 Loss: 7.7992
2026-07-21 05:43:58,863 [INFO]   Client 46 Loss: 7.1891
2026-07-21 05:44:16,190 [INFO]   Client 47 Loss: 6.8721
2026-07-21 05:44:21,597 [INFO]   Client 48 Loss: 6.7827
2026-07-21 05:44:23,503 [INFO]   Client 49 Loss: 7.0113
2026-07-21 05:44:27,721 [INFO]   Client 50 Loss: 6.8702
2026-07-21 05:44:36,004 [INFO]   Client 51 Loss: 6.8808
2026-07-21 05:44:40,698 [INFO]   Client 52 Loss: 7.4477
2026-07-21 05:44:50,046 [INFO]   Client 53 Loss: 6.8150
2026-07-21 05:44:55,549 [INFO]   Client 54 Loss: 7.0570
2026-07-21 05:45:03,369 [INFO]   Client 55 Loss: 6.7068
2026-07-21 05:45:04,505 [INFO]   Client 56 Loss: 7.6291
2026-07-21 05:45:05,404 [INFO]   Client 57 Loss: 7.5563
2026-07-21 05:45:14,912 [INFO]   Client 58 Loss: 6.7452
2026-07-21 05:45:23,860 [INFO]   Client 59 Loss: 6.9719
2026-07-21 05:47:46,200 [INFO] [Task 1 | Round 12/30 | Global 42] Acc: 34.64% | F1-Mac: 20.33% | Loss: 7.1592
2026-07-21 05:47:46,219 [INFO] 
--- Task 1, Round 13/30 (Global 43) ---
2026-07-21 05:47:51,217 [INFO]   Client 0 Loss: 6.9277
2026-07-21 05:47:54,258 [INFO]   Client 1 Loss: 6.9493
2026-07-21 05:48:05,096 [INFO]   Client 2 Loss: 6.8699
2026-07-21 05:48:11,112 [INFO]   Client 3 Loss: 7.4345
2026-07-21 05:48:14,684 [INFO]   Client 4 Loss: 7.1057
2026-07-21 05:48:18,129 [INFO]   Client 5 Loss: 6.8392
2026-07-21 05:48:25,747 [INFO]   Client 6 Loss: 6.8100
2026-07-21 05:48:40,171 [INFO]   Client 7 Loss: 6.6572
2026-07-21 05:48:49,855 [INFO]   Client 8 Loss: 7.3742
2026-07-21 05:48:55,965 [INFO]   Client 9 Loss: 6.8325
2026-07-21 05:48:58,912 [INFO]   Client 10 Loss: 7.4217
2026-07-21 05:49:07,624 [INFO]   Client 11 Loss: 6.9433
2026-07-21 05:49:09,422 [INFO]   Client 12 Loss: 7.2062
2026-07-21 05:49:20,848 [INFO]   Client 13 Loss: 6.7795
2026-07-21 05:49:21,087 [INFO]   Client 14 Loss: 7.4452
2026-07-21 05:49:21,705 [INFO]   Client 15 Loss: 7.6417
2026-07-21 05:49:22,151 [INFO]   Client 16 Loss: 7.2669
2026-07-21 05:49:23,172 [INFO]   Client 17 Loss: 7.2279
2026-07-21 05:49:23,535 [INFO]   Client 18 Loss: 7.2162
2026-07-21 05:49:26,391 [INFO]   Client 19 Loss: 7.1962
2026-07-21 05:49:37,143 [INFO]   Client 20 Loss: 6.8014
2026-07-21 05:49:42,083 [INFO]   Client 21 Loss: 7.5200
2026-07-21 05:49:47,070 [INFO]   Client 22 Loss: 6.8291
2026-07-21 05:49:54,476 [INFO]   Client 23 Loss: 6.8415
2026-07-21 05:50:06,137 [INFO]   Client 24 Loss: 6.9040
2026-07-21 05:50:06,346 [INFO]   Client 25 Loss: 7.6525
2026-07-21 05:50:06,963 [INFO]   Client 27 Loss: 7.8897
2026-07-21 05:50:13,427 [INFO]   Client 28 Loss: 6.9855
2026-07-21 05:50:22,085 [INFO]   Client 29 Loss: 6.9621
2026-07-21 05:50:24,069 [INFO]   Client 30 Loss: 6.9738
2026-07-21 05:50:36,596 [INFO]   Client 31 Loss: 6.7893
2026-07-21 05:50:40,422 [INFO]   Client 32 Loss: 7.0027
2026-07-21 05:50:42,052 [INFO]   Client 33 Loss: 7.2655
2026-07-21 05:50:46,836 [INFO]   Client 35 Loss: 6.8632
2026-07-21 05:50:50,780 [INFO]   Client 36 Loss: 6.9928
2026-07-21 05:50:56,745 [INFO]   Client 37 Loss: 6.9198
2026-07-21 05:50:56,838 [INFO]   Client 38 Loss: 9.2873
2026-07-21 05:50:57,607 [INFO]   Client 39 Loss: 7.3541
2026-07-21 05:51:14,596 [INFO]   Client 40 Loss: 6.6181
2026-07-21 05:51:15,111 [INFO]   Client 41 Loss: 7.6530
2026-07-21 05:51:15,357 [INFO]   Client 42 Loss: 7.6985
2026-07-21 05:51:15,595 [INFO]   Client 43 Loss: 7.6353
2026-07-21 05:51:28,228 [INFO]   Client 44 Loss: 6.7441
2026-07-21 05:51:28,722 [INFO]   Client 45 Loss: 7.7022
2026-07-21 05:51:29,681 [INFO]   Client 46 Loss: 7.1838
2026-07-21 05:51:47,353 [INFO]   Client 47 Loss: 6.8532
2026-07-21 05:51:52,824 [INFO]   Client 48 Loss: 6.7827
2026-07-21 05:51:54,603 [INFO]   Client 49 Loss: 7.0362
2026-07-21 05:51:58,843 [INFO]   Client 50 Loss: 6.8621
2026-07-21 05:52:07,198 [INFO]   Client 51 Loss: 6.8622
2026-07-21 05:52:11,865 [INFO]   Client 52 Loss: 7.3958
2026-07-21 05:52:20,996 [INFO]   Client 53 Loss: 6.7973
2026-07-21 05:52:26,582 [INFO]   Client 54 Loss: 7.0296
2026-07-21 05:52:34,103 [INFO]   Client 55 Loss: 6.6792
2026-07-21 05:52:35,374 [INFO]   Client 56 Loss: 7.6325
2026-07-21 05:52:36,269 [INFO]   Client 57 Loss: 7.6683
2026-07-21 05:52:45,758 [INFO]   Client 58 Loss: 6.7254
2026-07-21 05:52:54,544 [INFO]   Client 59 Loss: 6.9887
2026-07-21 05:55:09,149 [INFO] [Task 1 | Round 13/30 | Global 43] Acc: 35.89% | F1-Mac: 20.81% | Loss: 7.1470
2026-07-21 05:55:09,169 [INFO] 
--- Task 1, Round 14/30 (Global 44) ---
2026-07-21 05:55:14,104 [INFO]   Client 0 Loss: 6.9211
2026-07-21 05:55:17,088 [INFO]   Client 1 Loss: 6.9353
2026-07-21 05:55:27,672 [INFO]   Client 2 Loss: 6.8509
2026-07-21 05:55:33,661 [INFO]   Client 3 Loss: 7.4350
2026-07-21 05:55:37,348 [INFO]   Client 4 Loss: 7.1478
2026-07-21 05:55:40,628 [INFO]   Client 5 Loss: 6.8165
2026-07-21 05:55:48,409 [INFO]   Client 6 Loss: 6.7990
2026-07-21 05:56:02,699 [INFO]   Client 7 Loss: 6.6473
2026-07-21 05:56:12,350 [INFO]   Client 8 Loss: 7.3521
2026-07-21 05:56:18,401 [INFO]   Client 9 Loss: 6.7864
2026-07-21 05:56:21,279 [INFO]   Client 10 Loss: 7.3985
2026-07-21 05:56:29,635 [INFO]   Client 11 Loss: 6.9252
2026-07-21 05:56:31,401 [INFO]   Client 12 Loss: 7.1905
2026-07-21 05:56:42,650 [INFO]   Client 13 Loss: 6.7633
2026-07-21 05:56:42,886 [INFO]   Client 14 Loss: 7.4529
2026-07-21 05:56:43,645 [INFO]   Client 15 Loss: 7.6101
2026-07-21 05:56:43,927 [INFO]   Client 16 Loss: 7.2174
2026-07-21 05:56:44,929 [INFO]   Client 17 Loss: 7.2179
2026-07-21 05:56:45,289 [INFO]   Client 18 Loss: 7.1652
2026-07-21 05:56:48,270 [INFO]   Client 19 Loss: 7.1652
2026-07-21 05:56:59,123 [INFO]   Client 20 Loss: 6.8182
2026-07-21 05:57:04,059 [INFO]   Client 21 Loss: 7.5331
2026-07-21 05:57:08,995 [INFO]   Client 22 Loss: 6.8006
2026-07-21 05:57:16,341 [INFO]   Client 23 Loss: 6.7896
2026-07-21 05:57:28,037 [INFO]   Client 24 Loss: 6.8936
2026-07-21 05:57:28,245 [INFO]   Client 25 Loss: 7.6522
2026-07-21 05:57:28,853 [INFO]   Client 27 Loss: 7.9472
2026-07-21 05:57:35,253 [INFO]   Client 28 Loss: 6.9473
2026-07-21 05:57:43,868 [INFO]   Client 29 Loss: 6.9461
2026-07-21 05:57:45,842 [INFO]   Client 30 Loss: 6.9524
2026-07-21 05:57:58,283 [INFO]   Client 31 Loss: 6.7500
2026-07-21 05:58:02,071 [INFO]   Client 32 Loss: 6.9518
2026-07-21 05:58:03,555 [INFO]   Client 33 Loss: 7.2358
2026-07-21 05:58:08,507 [INFO]   Client 35 Loss: 6.8266
2026-07-21 05:58:12,395 [INFO]   Client 36 Loss: 6.9855
2026-07-21 05:58:18,335 [INFO]   Client 37 Loss: 6.9099
2026-07-21 05:58:18,430 [INFO]   Client 38 Loss: 9.3254
2026-07-21 05:58:19,196 [INFO]   Client 39 Loss: 7.3124
2026-07-21 05:58:36,075 [INFO]   Client 40 Loss: 6.5914
2026-07-21 05:58:36,580 [INFO]   Client 41 Loss: 7.5793
2026-07-21 05:58:36,970 [INFO]   Client 42 Loss: 7.6596
2026-07-21 05:58:37,210 [INFO]   Client 43 Loss: 7.6531
2026-07-21 05:58:49,587 [INFO]   Client 44 Loss: 6.7149
2026-07-21 05:58:50,226 [INFO]   Client 45 Loss: 7.6099
2026-07-21 05:58:51,033 [INFO]   Client 46 Loss: 7.1508
2026-07-21 05:59:08,502 [INFO]   Client 47 Loss: 6.8362
2026-07-21 05:59:13,916 [INFO]   Client 48 Loss: 6.7591
2026-07-21 05:59:15,831 [INFO]   Client 49 Loss: 6.9633
2026-07-21 05:59:20,026 [INFO]   Client 50 Loss: 6.8339
2026-07-21 05:59:28,201 [INFO]   Client 51 Loss: 6.8482
2026-07-21 05:59:32,881 [INFO]   Client 52 Loss: 7.4227
2026-07-21 05:59:42,078 [INFO]   Client 53 Loss: 6.7841
2026-07-21 05:59:47,502 [INFO]   Client 54 Loss: 7.0377
2026-07-21 05:59:55,042 [INFO]   Client 55 Loss: 6.6759
2026-07-21 05:59:56,316 [INFO]   Client 56 Loss: 7.6116
2026-07-21 05:59:57,203 [INFO]   Client 57 Loss: 7.5253
2026-07-21 06:00:06,639 [INFO]   Client 58 Loss: 6.7128
2026-07-21 06:00:15,392 [INFO]   Client 59 Loss: 6.9598
2026-07-21 06:02:27,705 [INFO] [Task 1 | Round 14/30 | Global 44] Acc: 36.24% | F1-Mac: 21.02% | Loss: 7.1259
2026-07-21 06:02:27,725 [INFO] 
--- Task 1, Round 15/30 (Global 45) ---
2026-07-21 06:02:32,663 [INFO]   Client 0 Loss: 6.9150
2026-07-21 06:02:35,643 [INFO]   Client 1 Loss: 6.9283
2026-07-21 06:02:46,189 [INFO]   Client 2 Loss: 6.8381
2026-07-21 06:02:52,096 [INFO]   Client 3 Loss: 7.4092
2026-07-21 06:02:55,797 [INFO]   Client 4 Loss: 7.0685
2026-07-21 06:02:59,052 [INFO]   Client 5 Loss: 6.7780
2026-07-21 06:03:06,841 [INFO]   Client 6 Loss: 6.7709
2026-07-21 06:03:21,143 [INFO]   Client 7 Loss: 6.6232
2026-07-21 06:03:30,738 [INFO]   Client 8 Loss: 7.3387
2026-07-21 06:03:36,794 [INFO]   Client 9 Loss: 6.7931
2026-07-21 06:03:39,679 [INFO]   Client 10 Loss: 7.3769
2026-07-21 06:03:48,227 [INFO]   Client 11 Loss: 6.9226
2026-07-21 06:03:49,860 [INFO]   Client 12 Loss: 7.1879
2026-07-21 06:04:01,245 [INFO]   Client 13 Loss: 6.7521
2026-07-21 06:04:01,479 [INFO]   Client 14 Loss: 7.4534
2026-07-21 06:04:02,085 [INFO]   Client 15 Loss: 7.6400
2026-07-21 06:04:02,363 [INFO]   Client 16 Loss: 7.2356
2026-07-21 06:04:03,504 [INFO]   Client 17 Loss: 7.2045
2026-07-21 06:04:03,862 [INFO]   Client 18 Loss: 7.2496
2026-07-21 06:04:06,682 [INFO]   Client 19 Loss: 7.1588
2026-07-21 06:04:17,448 [INFO]   Client 20 Loss: 6.8010
2026-07-21 06:04:22,320 [INFO]   Client 21 Loss: 7.4983
2026-07-21 06:04:27,227 [INFO]   Client 22 Loss: 6.7861
2026-07-21 06:04:34,497 [INFO]   Client 23 Loss: 6.7780
2026-07-21 06:04:46,152 [INFO]   Client 24 Loss: 6.8754
2026-07-21 06:04:46,357 [INFO]   Client 25 Loss: 7.6685
2026-07-21 06:04:46,966 [INFO]   Client 27 Loss: 7.9252
2026-07-21 06:04:53,212 [INFO]   Client 28 Loss: 6.9526
2026-07-21 06:05:01,794 [INFO]   Client 29 Loss: 6.9190
2026-07-21 06:05:03,757 [INFO]   Client 30 Loss: 6.9320
2026-07-21 06:05:16,024 [INFO]   Client 31 Loss: 6.7685
2026-07-21 06:05:19,956 [INFO]   Client 32 Loss: 6.9663
2026-07-21 06:05:21,430 [INFO]   Client 33 Loss: 7.2237
2026-07-21 06:05:26,164 [INFO]   Client 35 Loss: 6.8330
2026-07-21 06:05:30,188 [INFO]   Client 36 Loss: 6.9616
2026-07-21 06:05:36,094 [INFO]   Client 37 Loss: 6.9023
2026-07-21 06:05:36,187 [INFO]   Client 38 Loss: 9.3122
2026-07-21 06:05:36,957 [INFO]   Client 39 Loss: 7.3261
2026-07-21 06:05:53,856 [INFO]   Client 40 Loss: 6.5791
2026-07-21 06:05:54,368 [INFO]   Client 41 Loss: 7.5769
2026-07-21 06:05:54,613 [INFO]   Client 42 Loss: 7.6653
2026-07-21 06:05:54,852 [INFO]   Client 43 Loss: 7.6661
2026-07-21 06:06:07,418 [INFO]   Client 44 Loss: 6.7027
2026-07-21 06:06:07,907 [INFO]   Client 45 Loss: 7.7389
2026-07-21 06:06:08,859 [INFO]   Client 46 Loss: 7.1910
2026-07-21 06:06:26,257 [INFO]   Client 47 Loss: 6.8366
2026-07-21 06:06:31,684 [INFO]   Client 48 Loss: 6.7393
2026-07-21 06:06:33,591 [INFO]   Client 49 Loss: 6.9729
2026-07-21 06:06:37,799 [INFO]   Client 50 Loss: 6.8224
2026-07-21 06:06:46,135 [INFO]   Client 51 Loss: 6.8352
2026-07-21 06:06:50,792 [INFO]   Client 52 Loss: 7.3872
2026-07-21 06:07:00,049 [INFO]   Client 53 Loss: 6.7734
2026-07-21 06:07:05,498 [INFO]   Client 54 Loss: 7.0088
2026-07-21 06:07:13,232 [INFO]   Client 55 Loss: 6.6671
2026-07-21 06:07:14,358 [INFO]   Client 56 Loss: 7.6162
2026-07-21 06:07:15,246 [INFO]   Client 57 Loss: 7.5602
2026-07-21 06:07:24,543 [INFO]   Client 58 Loss: 6.6915
2026-07-21 06:07:33,364 [INFO]   Client 59 Loss: 6.9464
2026-07-21 06:09:46,337 [INFO] [Task 1 | Round 15/30 | Global 45] Acc: 36.67% | F1-Mac: 21.27% | Loss: 7.1216
2026-07-21 06:09:46,358 [INFO] 
--- Task 1, Round 16/30 (Global 46) ---
2026-07-21 06:09:51,283 [INFO]   Client 0 Loss: 6.8862
2026-07-21 06:09:54,294 [INFO]   Client 1 Loss: 6.9003
2026-07-21 06:10:05,052 [INFO]   Client 2 Loss: 6.8359
2026-07-21 06:10:11,062 [INFO]   Client 3 Loss: 7.4540
2026-07-21 06:10:14,642 [INFO]   Client 4 Loss: 7.0981
2026-07-21 06:10:18,088 [INFO]   Client 5 Loss: 6.7537
2026-07-21 06:10:25,712 [INFO]   Client 6 Loss: 6.7619
2026-07-21 06:10:40,020 [INFO]   Client 7 Loss: 6.5962
2026-07-21 06:10:49,555 [INFO]   Client 8 Loss: 7.3057
2026-07-21 06:10:55,580 [INFO]   Client 9 Loss: 6.7926
2026-07-21 06:10:58,470 [INFO]   Client 10 Loss: 7.3835
2026-07-21 06:11:07,042 [INFO]   Client 11 Loss: 6.9107
2026-07-21 06:11:08,817 [INFO]   Client 12 Loss: 7.1732
2026-07-21 06:11:20,124 [INFO]   Client 13 Loss: 6.7353
2026-07-21 06:11:20,361 [INFO]   Client 14 Loss: 7.4119
2026-07-21 06:11:20,972 [INFO]   Client 15 Loss: 7.6382
2026-07-21 06:11:21,398 [INFO]   Client 16 Loss: 7.1603
2026-07-21 06:11:22,404 [INFO]   Client 17 Loss: 7.1810
2026-07-21 06:11:22,764 [INFO]   Client 18 Loss: 7.2189
2026-07-21 06:11:25,590 [INFO]   Client 19 Loss: 7.1389
2026-07-21 06:11:36,250 [INFO]   Client 20 Loss: 6.7731
2026-07-21 06:11:41,165 [INFO]   Client 21 Loss: 7.5014
2026-07-21 06:11:46,086 [INFO]   Client 22 Loss: 6.7527
2026-07-21 06:11:53,352 [INFO]   Client 23 Loss: 6.7753
2026-07-21 06:12:04,749 [INFO]   Client 24 Loss: 6.8598
2026-07-21 06:12:04,954 [INFO]   Client 25 Loss: 7.6664
2026-07-21 06:12:05,559 [INFO]   Client 27 Loss: 7.9195
2026-07-21 06:12:11,901 [INFO]   Client 28 Loss: 6.9225
2026-07-21 06:12:20,480 [INFO]   Client 29 Loss: 6.8884
2026-07-21 06:12:22,463 [INFO]   Client 30 Loss: 6.9226
2026-07-21 06:12:34,890 [INFO]   Client 31 Loss: 6.7222
2026-07-21 06:12:38,707 [INFO]   Client 32 Loss: 6.9331
2026-07-21 06:12:40,357 [INFO]   Client 33 Loss: 7.2171
2026-07-21 06:12:45,127 [INFO]   Client 35 Loss: 6.8165
2026-07-21 06:12:49,022 [INFO]   Client 36 Loss: 6.9719
2026-07-21 06:12:54,976 [INFO]   Client 37 Loss: 6.8934
2026-07-21 06:12:55,069 [INFO]   Client 38 Loss: 9.3381
2026-07-21 06:12:55,839 [INFO]   Client 39 Loss: 7.2975
2026-07-21 06:13:12,783 [INFO]   Client 40 Loss: 6.5636
2026-07-21 06:13:13,293 [INFO]   Client 41 Loss: 7.5696
2026-07-21 06:13:13,537 [INFO]   Client 42 Loss: 7.6666
2026-07-21 06:13:13,777 [INFO]   Client 43 Loss: 7.6747
2026-07-21 06:13:26,249 [INFO]   Client 44 Loss: 6.6896
2026-07-21 06:13:26,733 [INFO]   Client 45 Loss: 7.9365
2026-07-21 06:13:27,685 [INFO]   Client 46 Loss: 7.1364
2026-07-21 06:13:45,187 [INFO]   Client 47 Loss: 6.8194
2026-07-21 06:13:50,603 [INFO]   Client 48 Loss: 6.7288
2026-07-21 06:13:52,364 [INFO]   Client 49 Loss: 6.9317
2026-07-21 06:13:56,591 [INFO]   Client 50 Loss: 6.8186
2026-07-21 06:14:04,912 [INFO]   Client 51 Loss: 6.8171
2026-07-21 06:14:09,605 [INFO]   Client 52 Loss: 7.3567
2026-07-21 06:14:18,752 [INFO]   Client 53 Loss: 6.7429
2026-07-21 06:14:24,350 [INFO]   Client 54 Loss: 6.9928
2026-07-21 06:14:31,912 [INFO]   Client 55 Loss: 6.6488
2026-07-21 06:14:33,169 [INFO]   Client 56 Loss: 7.6021
2026-07-21 06:14:34,063 [INFO]   Client 57 Loss: 7.4744
2026-07-21 06:14:43,581 [INFO]   Client 58 Loss: 6.6769
2026-07-21 06:14:52,344 [INFO]   Client 59 Loss: 6.9387
2026-07-21 06:17:04,867 [INFO] [Task 1 | Round 16/30 | Global 46] Acc: 36.88% | F1-Mac: 21.44% | Loss: 7.1085
2026-07-21 06:17:04,889 [INFO] 
--- Task 1, Round 17/30 (Global 47) ---
2026-07-21 06:17:09,814 [INFO]   Client 0 Loss: 6.8916
2026-07-21 06:17:12,812 [INFO]   Client 1 Loss: 6.9334
2026-07-21 06:17:23,364 [INFO]   Client 2 Loss: 6.8177
2026-07-21 06:17:29,368 [INFO]   Client 3 Loss: 7.4522
2026-07-21 06:17:33,083 [INFO]   Client 4 Loss: 7.0768
2026-07-21 06:17:36,374 [INFO]   Client 5 Loss: 6.7607
2026-07-21 06:17:44,111 [INFO]   Client 6 Loss: 6.7885
2026-07-21 06:17:58,474 [INFO]   Client 7 Loss: 6.6002
2026-07-21 06:18:08,122 [INFO]   Client 8 Loss: 7.3370
2026-07-21 06:18:14,141 [INFO]   Client 9 Loss: 6.7766
2026-07-21 06:18:17,043 [INFO]   Client 10 Loss: 7.3629
2026-07-21 06:18:25,416 [INFO]   Client 11 Loss: 6.9029
2026-07-21 06:18:27,191 [INFO]   Client 12 Loss: 7.1507
2026-07-21 06:18:38,491 [INFO]   Client 13 Loss: 6.7299
2026-07-21 06:18:38,725 [INFO]   Client 14 Loss: 7.4042
2026-07-21 06:18:39,495 [INFO]   Client 15 Loss: 7.6076
2026-07-21 06:18:39,774 [INFO]   Client 16 Loss: 7.2208
2026-07-21 06:18:40,772 [INFO]   Client 17 Loss: 7.1683
2026-07-21 06:18:41,128 [INFO]   Client 18 Loss: 7.2864
2026-07-21 06:18:44,097 [INFO]   Client 19 Loss: 7.1343
2026-07-21 06:18:54,862 [INFO]   Client 20 Loss: 6.7795
2026-07-21 06:18:59,785 [INFO]   Client 21 Loss: 7.4901
2026-07-21 06:19:04,714 [INFO]   Client 22 Loss: 6.7691
2026-07-21 06:19:11,998 [INFO]   Client 23 Loss: 6.7819
2026-07-21 06:19:23,657 [INFO]   Client 24 Loss: 6.8588
2026-07-21 06:19:23,862 [INFO]   Client 25 Loss: 7.6640
2026-07-21 06:19:24,471 [INFO]   Client 27 Loss: 7.8316
2026-07-21 06:19:30,864 [INFO]   Client 28 Loss: 6.9228
2026-07-21 06:19:39,491 [INFO]   Client 29 Loss: 6.9130
2026-07-21 06:19:41,453 [INFO]   Client 30 Loss: 6.9030
2026-07-21 06:19:53,855 [INFO]   Client 31 Loss: 6.7196
2026-07-21 06:19:57,665 [INFO]   Client 32 Loss: 6.9193
2026-07-21 06:19:59,147 [INFO]   Client 33 Loss: 7.1975
2026-07-21 06:20:04,048 [INFO]   Client 35 Loss: 6.8067
2026-07-21 06:20:07,976 [INFO]   Client 36 Loss: 6.9418
2026-07-21 06:20:13,902 [INFO]   Client 37 Loss: 6.8888
2026-07-21 06:20:13,995 [INFO]   Client 38 Loss: 9.3506
2026-07-21 06:20:14,762 [INFO]   Client 39 Loss: 7.3286
2026-07-21 06:20:31,545 [INFO]   Client 40 Loss: 6.5573
2026-07-21 06:20:32,047 [INFO]   Client 41 Loss: 7.6657
2026-07-21 06:20:32,442 [INFO]   Client 42 Loss: 7.6433
2026-07-21 06:20:32,683 [INFO]   Client 43 Loss: 7.6582
2026-07-21 06:20:45,061 [INFO]   Client 44 Loss: 6.6750
2026-07-21 06:20:45,703 [INFO]   Client 45 Loss: 7.9648
2026-07-21 06:20:46,526 [INFO]   Client 46 Loss: 7.1630
2026-07-21 06:21:04,061 [INFO]   Client 47 Loss: 6.8056
2026-07-21 06:21:09,471 [INFO]   Client 48 Loss: 6.7172
2026-07-21 06:21:11,374 [INFO]   Client 49 Loss: 6.9492
2026-07-21 06:21:15,586 [INFO]   Client 50 Loss: 6.7916
2026-07-21 06:21:23,812 [INFO]   Client 51 Loss: 6.8248
2026-07-21 06:21:28,480 [INFO]   Client 52 Loss: 7.3704
2026-07-21 06:21:37,737 [INFO]   Client 53 Loss: 6.7436
2026-07-21 06:21:43,204 [INFO]   Client 54 Loss: 6.9773
2026-07-21 06:21:50,750 [INFO]   Client 55 Loss: 6.6276
2026-07-21 06:21:52,016 [INFO]   Client 56 Loss: 7.5862
2026-07-21 06:21:52,903 [INFO]   Client 57 Loss: 7.5622
2026-07-21 06:22:02,388 [INFO]   Client 58 Loss: 6.6648
2026-07-21 06:22:11,152 [INFO]   Client 59 Loss: 6.9441
2026-07-21 06:24:24,576 [INFO] [Task 1 | Round 17/30 | Global 47] Acc: 37.04% | F1-Mac: 21.57% | Loss: 7.1097
2026-07-21 06:24:24,598 [INFO] 
--- Task 1, Round 18/30 (Global 48) ---
2026-07-21 06:24:29,572 [INFO]   Client 0 Loss: 6.8807
2026-07-21 06:24:32,587 [INFO]   Client 1 Loss: 6.8900
2026-07-21 06:24:43,155 [INFO]   Client 2 Loss: 6.8104
2026-07-21 06:24:49,145 [INFO]   Client 3 Loss: 7.3937
2026-07-21 06:24:52,835 [INFO]   Client 4 Loss: 7.0758
2026-07-21 06:24:56,112 [INFO]   Client 5 Loss: 6.7384
2026-07-21 06:25:03,875 [INFO]   Client 6 Loss: 6.7446
2026-07-21 06:25:18,173 [INFO]   Client 7 Loss: 6.5831
2026-07-21 06:25:27,787 [INFO]   Client 8 Loss: 7.2999
2026-07-21 06:25:33,827 [INFO]   Client 9 Loss: 6.7514
2026-07-21 06:25:36,725 [INFO]   Client 10 Loss: 7.3566
2026-07-21 06:25:45,269 [INFO]   Client 11 Loss: 6.8819
2026-07-21 06:25:46,916 [INFO]   Client 12 Loss: 7.1656
2026-07-21 06:25:58,320 [INFO]   Client 13 Loss: 6.7129
2026-07-21 06:25:58,558 [INFO]   Client 14 Loss: 7.4642
2026-07-21 06:25:59,171 [INFO]   Client 15 Loss: 7.6144
2026-07-21 06:25:59,452 [INFO]   Client 16 Loss: 7.1961
2026-07-21 06:26:00,603 [INFO]   Client 17 Loss: 7.1969
2026-07-21 06:26:00,963 [INFO]   Client 18 Loss: 7.2524
2026-07-21 06:26:03,797 [INFO]   Client 19 Loss: 7.1420
2026-07-21 06:26:14,606 [INFO]   Client 20 Loss: 6.7292
2026-07-21 06:26:19,491 [INFO]   Client 21 Loss: 7.4782
2026-07-21 06:26:24,413 [INFO]   Client 22 Loss: 6.7700
2026-07-21 06:26:31,700 [INFO]   Client 23 Loss: 6.7479
2026-07-21 06:26:43,306 [INFO]   Client 24 Loss: 6.8534
2026-07-21 06:26:43,511 [INFO]   Client 25 Loss: 7.6590
2026-07-21 06:26:44,119 [INFO]   Client 27 Loss: 7.8475
2026-07-21 06:26:50,330 [INFO]   Client 28 Loss: 6.9171
2026-07-21 06:26:58,946 [INFO]   Client 29 Loss: 6.8760
2026-07-21 06:27:00,913 [INFO]   Client 30 Loss: 6.9241
2026-07-21 06:27:13,176 [INFO]   Client 31 Loss: 6.7224
2026-07-21 06:27:17,119 [INFO]   Client 32 Loss: 6.9124
2026-07-21 06:27:18,601 [INFO]   Client 33 Loss: 7.2618
2026-07-21 06:27:23,354 [INFO]   Client 35 Loss: 6.8026
2026-07-21 06:27:27,432 [INFO]   Client 36 Loss: 6.9412
2026-07-21 06:27:33,381 [INFO]   Client 37 Loss: 6.8674
2026-07-21 06:27:33,474 [INFO]   Client 38 Loss: 9.3588
2026-07-21 06:27:34,236 [INFO]   Client 39 Loss: 7.3264
2026-07-21 06:27:51,195 [INFO]   Client 40 Loss: 6.5515
2026-07-21 06:27:51,707 [INFO]   Client 41 Loss: 7.6829
2026-07-21 06:27:51,950 [INFO]   Client 42 Loss: 7.6857
2026-07-21 06:27:52,190 [INFO]   Client 43 Loss: 7.6722
2026-07-21 06:28:04,677 [INFO]   Client 44 Loss: 6.6620
2026-07-21 06:28:05,167 [INFO]   Client 45 Loss: 7.7716
2026-07-21 06:28:06,130 [INFO]   Client 46 Loss: 7.1620
2026-07-21 06:28:23,553 [INFO]   Client 47 Loss: 6.7871
2026-07-21 06:28:28,987 [INFO]   Client 48 Loss: 6.7084
2026-07-21 06:28:30,906 [INFO]   Client 49 Loss: 6.9499
2026-07-21 06:28:35,120 [INFO]   Client 50 Loss: 6.7833
2026-07-21 06:28:43,504 [INFO]   Client 51 Loss: 6.8185
2026-07-21 06:28:48,179 [INFO]   Client 52 Loss: 7.3308
2026-07-21 06:28:57,388 [INFO]   Client 53 Loss: 6.7378
2026-07-21 06:29:02,834 [INFO]   Client 54 Loss: 6.9729
2026-07-21 06:29:10,581 [INFO]   Client 55 Loss: 6.6233
2026-07-21 06:29:11,703 [INFO]   Client 56 Loss: 7.5916
2026-07-21 06:29:12,590 [INFO]   Client 57 Loss: 7.5489
2026-07-21 06:29:21,939 [INFO]   Client 58 Loss: 6.6524
2026-07-21 06:29:30,679 [INFO]   Client 59 Loss: 6.9342
2026-07-21 06:31:43,425 [INFO] [Task 1 | Round 18/30 | Global 48] Acc: 37.08% | F1-Mac: 21.87% | Loss: 7.0995
2026-07-21 06:31:43,446 [INFO] 
--- Task 1, Round 19/30 (Global 49) ---
2026-07-21 06:31:48,390 [INFO]   Client 0 Loss: 6.8692
2026-07-21 06:31:51,394 [INFO]   Client 1 Loss: 6.8712
2026-07-21 06:32:02,077 [INFO]   Client 2 Loss: 6.7891
2026-07-21 06:32:08,060 [INFO]   Client 3 Loss: 7.4115
2026-07-21 06:32:11,591 [INFO]   Client 4 Loss: 7.0827
2026-07-21 06:32:15,028 [INFO]   Client 5 Loss: 6.7350
2026-07-21 06:32:22,646 [INFO]   Client 6 Loss: 6.7257
2026-07-21 06:32:36,937 [INFO]   Client 7 Loss: 6.5796
2026-07-21 06:32:46,577 [INFO]   Client 8 Loss: 7.3240
2026-07-21 06:32:52,641 [INFO]   Client 9 Loss: 6.7627
2026-07-21 06:32:55,545 [INFO]   Client 10 Loss: 7.3722
2026-07-21 06:33:04,086 [INFO]   Client 11 Loss: 6.8713
2026-07-21 06:33:05,855 [INFO]   Client 12 Loss: 7.1463
2026-07-21 06:33:17,166 [INFO]   Client 13 Loss: 6.7047
2026-07-21 06:33:17,408 [INFO]   Client 14 Loss: 7.4146
2026-07-21 06:33:18,021 [INFO]   Client 15 Loss: 7.6052
2026-07-21 06:33:18,459 [INFO]   Client 16 Loss: 7.1875
2026-07-21 06:33:19,466 [INFO]   Client 17 Loss: 7.1666
2026-07-21 06:33:19,824 [INFO]   Client 18 Loss: 7.1728
2026-07-21 06:33:22,623 [INFO]   Client 19 Loss: 7.1232
2026-07-21 06:33:33,243 [INFO]   Client 20 Loss: 6.7386
2026-07-21 06:33:38,139 [INFO]   Client 21 Loss: 7.4847
2026-07-21 06:33:43,061 [INFO]   Client 22 Loss: 6.7247
2026-07-21 06:33:50,405 [INFO]   Client 23 Loss: 6.7266
2026-07-21 06:34:01,833 [INFO]   Client 24 Loss: 6.8400
2026-07-21 06:34:02,036 [INFO]   Client 25 Loss: 7.6216
2026-07-21 06:34:02,646 [INFO]   Client 27 Loss: 7.8575
2026-07-21 06:34:09,055 [INFO]   Client 28 Loss: 6.9014
2026-07-21 06:34:17,651 [INFO]   Client 29 Loss: 6.8739
2026-07-21 06:34:19,621 [INFO]   Client 30 Loss: 6.9007
2026-07-21 06:34:32,169 [INFO]   Client 31 Loss: 6.7014
2026-07-21 06:34:35,978 [INFO]   Client 32 Loss: 6.8895
2026-07-21 06:34:37,625 [INFO]   Client 33 Loss: 7.2023
2026-07-21 06:34:42,466 [INFO]   Client 35 Loss: 6.7808
2026-07-21 06:34:46,377 [INFO]   Client 36 Loss: 6.9392
2026-07-21 06:34:52,403 [INFO]   Client 37 Loss: 6.8652
2026-07-21 06:34:52,500 [INFO]   Client 38 Loss: 9.2887
2026-07-21 06:34:53,273 [INFO]   Client 39 Loss: 7.2867
2026-07-21 06:35:10,435 [INFO]   Client 40 Loss: 6.5322
2026-07-21 06:35:10,960 [INFO]   Client 41 Loss: 7.5866
2026-07-21 06:35:11,209 [INFO]   Client 42 Loss: 7.6635
2026-07-21 06:35:11,451 [INFO]   Client 43 Loss: 7.6520
2026-07-21 06:35:24,139 [INFO]   Client 44 Loss: 6.6463
2026-07-21 06:35:24,637 [INFO]   Client 45 Loss: 7.7842
2026-07-21 06:35:25,603 [INFO]   Client 46 Loss: 7.1397
2026-07-21 06:35:43,378 [INFO]   Client 47 Loss: 6.7832
2026-07-21 06:35:48,823 [INFO]   Client 48 Loss: 6.6941
2026-07-21 06:35:50,591 [INFO]   Client 49 Loss: 6.9414
2026-07-21 06:35:54,833 [INFO]   Client 50 Loss: 6.7806
2026-07-21 06:36:03,147 [INFO]   Client 51 Loss: 6.8064
2026-07-21 06:36:07,814 [INFO]   Client 52 Loss: 7.3415
2026-07-21 06:36:16,934 [INFO]   Client 53 Loss: 6.7320
2026-07-21 06:36:22,520 [INFO]   Client 54 Loss: 6.9791
2026-07-21 06:36:30,071 [INFO]   Client 55 Loss: 6.6063
2026-07-21 06:36:31,344 [INFO]   Client 56 Loss: 7.6026
2026-07-21 06:36:32,232 [INFO]   Client 57 Loss: 7.4614
2026-07-21 06:36:41,711 [INFO]   Client 58 Loss: 6.6463
2026-07-21 06:36:50,474 [INFO]   Client 59 Loss: 6.9002
2026-07-21 06:39:11,379 [INFO] [Task 1 | Round 19/30 | Global 49] Acc: 37.15% | F1-Mac: 22.01% | Loss: 7.0831
2026-07-21 06:39:11,400 [INFO] 
--- Task 1, Round 20/30 (Global 50) ---
2026-07-21 06:39:16,357 [INFO]   Client 0 Loss: 6.8645
2026-07-21 06:39:19,357 [INFO]   Client 1 Loss: 6.8950
2026-07-21 06:39:29,891 [INFO]   Client 2 Loss: 6.7832
2026-07-21 06:39:35,887 [INFO]   Client 3 Loss: 7.3899
2026-07-21 06:39:39,613 [INFO]   Client 4 Loss: 7.0339
2026-07-21 06:39:42,911 [INFO]   Client 5 Loss: 6.7207
2026-07-21 06:39:50,759 [INFO]   Client 6 Loss: 6.7278
2026-07-21 06:40:05,210 [INFO]   Client 7 Loss: 6.5695
2026-07-21 06:40:14,967 [INFO]   Client 8 Loss: 7.3060
2026-07-21 06:40:21,096 [INFO]   Client 9 Loss: 6.7465
2026-07-21 06:40:24,019 [INFO]   Client 10 Loss: 7.3647
2026-07-21 06:40:32,539 [INFO]   Client 11 Loss: 6.8613
2026-07-21 06:40:34,334 [INFO]   Client 12 Loss: 7.1474
2026-07-21 06:40:45,743 [INFO]   Client 13 Loss: 6.6967
2026-07-21 06:40:45,996 [INFO]   Client 14 Loss: 7.3625
2026-07-21 06:40:46,767 [INFO]   Client 15 Loss: 7.6168
2026-07-21 06:40:47,049 [INFO]   Client 16 Loss: 7.1768
2026-07-21 06:40:48,070 [INFO]   Client 17 Loss: 7.1624
2026-07-21 06:40:48,433 [INFO]   Client 18 Loss: 7.1820
2026-07-21 06:40:51,424 [INFO]   Client 19 Loss: 7.1134
2026-07-21 06:41:02,293 [INFO]   Client 20 Loss: 6.7104
2026-07-21 06:41:07,240 [INFO]   Client 21 Loss: 7.4277
2026-07-21 06:41:12,207 [INFO]   Client 22 Loss: 6.7179
2026-07-21 06:41:19,583 [INFO]   Client 23 Loss: 6.7196
2026-07-21 06:41:31,228 [INFO]   Client 24 Loss: 6.8229
2026-07-21 06:41:31,436 [INFO]   Client 25 Loss: 7.6383
2026-07-21 06:41:32,046 [INFO]   Client 27 Loss: 7.9263
2026-07-21 06:41:38,501 [INFO]   Client 28 Loss: 6.8862
2026-07-21 06:41:47,162 [INFO]   Client 29 Loss: 6.8656
2026-07-21 06:41:49,143 [INFO]   Client 30 Loss: 6.8872
2026-07-21 06:42:01,705 [INFO]   Client 31 Loss: 6.6917
2026-07-21 06:42:05,539 [INFO]   Client 32 Loss: 6.8860
2026-07-21 06:42:07,040 [INFO]   Client 33 Loss: 7.2480
2026-07-21 06:42:11,995 [INFO]   Client 35 Loss: 6.7996
2026-07-21 06:42:15,921 [INFO]   Client 36 Loss: 6.9332
2026-07-21 06:42:21,933 [INFO]   Client 37 Loss: 6.8441
2026-07-21 06:42:22,027 [INFO]   Client 38 Loss: 9.2771
2026-07-21 06:42:22,798 [INFO]   Client 39 Loss: 7.3167
2026-07-21 06:42:39,770 [INFO]   Client 40 Loss: 6.5338
2026-07-21 06:42:40,286 [INFO]   Client 41 Loss: 7.6438
2026-07-21 06:42:40,691 [INFO]   Client 42 Loss: 7.6359
2026-07-21 06:42:40,930 [INFO]   Client 43 Loss: 7.6079
2026-07-21 06:42:53,496 [INFO]   Client 44 Loss: 6.6342
2026-07-21 06:42:54,137 [INFO]   Client 45 Loss: 7.8035
2026-07-21 06:42:54,957 [INFO]   Client 46 Loss: 7.1398
2026-07-21 06:43:12,611 [INFO]   Client 47 Loss: 6.7792
2026-07-21 06:43:18,122 [INFO]   Client 48 Loss: 6.6982
2026-07-21 06:43:20,091 [INFO]   Client 49 Loss: 6.9081
2026-07-21 06:43:24,364 [INFO]   Client 50 Loss: 6.7602
2026-07-21 06:43:32,704 [INFO]   Client 51 Loss: 6.7883
2026-07-21 06:43:37,389 [INFO]   Client 52 Loss: 7.3183
2026-07-21 06:43:46,711 [INFO]   Client 53 Loss: 6.7063
2026-07-21 06:43:52,165 [INFO]   Client 54 Loss: 6.9555
2026-07-21 06:43:59,716 [INFO]   Client 55 Loss: 6.6064
2026-07-21 06:44:01,010 [INFO]   Client 56 Loss: 7.5724
2026-07-21 06:44:01,903 [INFO]   Client 57 Loss: 7.4501
2026-07-21 06:44:11,437 [INFO]   Client 58 Loss: 6.6382
2026-07-21 06:44:20,239 [INFO]   Client 59 Loss: 6.8729
2026-07-21 06:46:35,394 [INFO] [Task 1 | Round 20/30 | Global 50] Acc: 37.19% | F1-Mac: 22.16% | Loss: 7.0754
2026-07-21 06:46:35,415 [INFO] 
--- Task 1, Round 21/30 (Global 51) ---
2026-07-21 06:46:40,351 [INFO]   Client 0 Loss: 6.8531
2026-07-21 06:46:43,355 [INFO]   Client 1 Loss: 6.8662
2026-07-21 06:46:54,025 [INFO]   Client 2 Loss: 6.7772
2026-07-21 06:47:00,036 [INFO]   Client 3 Loss: 7.3861
2026-07-21 06:47:03,744 [INFO]   Client 4 Loss: 7.0428
2026-07-21 06:47:07,019 [INFO]   Client 5 Loss: 6.6893
2026-07-21 06:47:14,799 [INFO]   Client 6 Loss: 6.7164
2026-07-21 06:47:29,083 [INFO]   Client 7 Loss: 6.5563
2026-07-21 06:47:38,703 [INFO]   Client 8 Loss: 7.2517
2026-07-21 06:47:44,773 [INFO]   Client 9 Loss: 6.7405
2026-07-21 06:47:47,689 [INFO]   Client 10 Loss: 7.3324
2026-07-21 06:47:56,216 [INFO]   Client 11 Loss: 6.8701
2026-07-21 06:47:57,848 [INFO]   Client 12 Loss: 7.1382
2026-07-21 06:48:09,289 [INFO]   Client 13 Loss: 6.6847
2026-07-21 06:48:09,528 [INFO]   Client 14 Loss: 7.4056
2026-07-21 06:48:10,141 [INFO]   Client 15 Loss: 7.5954
2026-07-21 06:48:10,422 [INFO]   Client 16 Loss: 7.2064
2026-07-21 06:48:11,571 [INFO]   Client 17 Loss: 7.1724
2026-07-21 06:48:11,934 [INFO]   Client 18 Loss: 7.2534
2026-07-21 06:48:14,744 [INFO]   Client 19 Loss: 7.1004
2026-07-21 06:48:25,561 [INFO]   Client 20 Loss: 6.7012
2026-07-21 06:48:30,482 [INFO]   Client 21 Loss: 7.4327
2026-07-21 06:48:35,404 [INFO]   Client 22 Loss: 6.6943
2026-07-21 06:48:42,758 [INFO]   Client 23 Loss: 6.6993
2026-07-21 06:48:54,429 [INFO]   Client 24 Loss: 6.8178
2026-07-21 06:48:54,636 [INFO]   Client 25 Loss: 7.6476
2026-07-21 06:48:55,248 [INFO]   Client 27 Loss: 7.8252
2026-07-21 06:49:01,523 [INFO]   Client 28 Loss: 6.8887
2026-07-21 06:49:10,149 [INFO]   Client 29 Loss: 6.8491
2026-07-21 06:49:12,127 [INFO]   Client 30 Loss: 6.8876
2026-07-21 06:49:24,426 [INFO]   Client 31 Loss: 6.6866
2026-07-21 06:49:28,377 [INFO]   Client 32 Loss: 6.8635
2026-07-21 06:49:29,863 [INFO]   Client 33 Loss: 7.2226
2026-07-21 06:49:34,616 [INFO]   Client 35 Loss: 6.7592
2026-07-21 06:49:38,683 [INFO]   Client 36 Loss: 6.9125
2026-07-21 06:49:44,633 [INFO]   Client 37 Loss: 6.8502
2026-07-21 06:49:44,728 [INFO]   Client 38 Loss: 9.3877
2026-07-21 06:49:45,503 [INFO]   Client 39 Loss: 7.2682
2026-07-21 06:50:02,481 [INFO]   Client 40 Loss: 6.5165
2026-07-21 06:50:02,997 [INFO]   Client 41 Loss: 7.7139
2026-07-21 06:50:03,256 [INFO]   Client 42 Loss: 7.6175
2026-07-21 06:50:03,496 [INFO]   Client 43 Loss: 7.6647
2026-07-21 06:50:16,076 [INFO]   Client 44 Loss: 6.6220
2026-07-21 06:50:16,570 [INFO]   Client 45 Loss: 7.9396
2026-07-21 06:50:17,531 [INFO]   Client 46 Loss: 7.1136
2026-07-21 06:50:34,895 [INFO]   Client 47 Loss: 6.7650
2026-07-21 06:50:40,383 [INFO]   Client 48 Loss: 6.6886
2026-07-21 06:50:42,304 [INFO]   Client 49 Loss: 6.8977
2026-07-21 06:50:46,552 [INFO]   Client 50 Loss: 6.7678
2026-07-21 06:50:54,892 [INFO]   Client 51 Loss: 6.7831
2026-07-21 06:50:59,569 [INFO]   Client 52 Loss: 7.3272
2026-07-21 06:51:08,857 [INFO]   Client 53 Loss: 6.6997
2026-07-21 06:51:14,329 [INFO]   Client 54 Loss: 6.9531
2026-07-21 06:51:22,074 [INFO]   Client 55 Loss: 6.6049
2026-07-21 06:51:23,203 [INFO]   Client 56 Loss: 7.5873
2026-07-21 06:51:24,094 [INFO]   Client 57 Loss: 7.4532
2026-07-21 06:51:33,432 [INFO]   Client 58 Loss: 6.6286
2026-07-21 06:51:42,258 [INFO]   Client 59 Loss: 6.8798
2026-07-21 06:53:57,567 [INFO] [Task 1 | Round 21/30 | Global 51] Acc: 37.19% | F1-Mac: 22.04% | Loss: 7.0734
2026-07-21 06:53:57,589 [INFO] 
--- Task 1, Round 22/30 (Global 52) ---
2026-07-21 06:54:02,519 [INFO]   Client 0 Loss: 6.8430
2026-07-21 06:54:05,535 [INFO]   Client 1 Loss: 6.8362
2026-07-21 06:54:16,296 [INFO]   Client 2 Loss: 6.7639
2026-07-21 06:54:22,314 [INFO]   Client 3 Loss: 7.3625
2026-07-21 06:54:25,907 [INFO]   Client 4 Loss: 7.0319
2026-07-21 06:54:29,364 [INFO]   Client 5 Loss: 6.6947
2026-07-21 06:54:37,000 [INFO]   Client 6 Loss: 6.7102
2026-07-21 06:54:51,362 [INFO]   Client 7 Loss: 6.5403
2026-07-21 06:55:01,000 [INFO]   Client 8 Loss: 7.2726
2026-07-21 06:55:07,104 [INFO]   Client 9 Loss: 6.7255
2026-07-21 06:55:10,001 [INFO]   Client 10 Loss: 7.3426
2026-07-21 06:55:18,564 [INFO]   Client 11 Loss: 6.8551
2026-07-21 06:55:20,350 [INFO]   Client 12 Loss: 7.1141
2026-07-21 06:55:31,739 [INFO]   Client 13 Loss: 6.6819
2026-07-21 06:55:31,979 [INFO]   Client 14 Loss: 7.3838
2026-07-21 06:55:32,590 [INFO]   Client 15 Loss: 7.6253
2026-07-21 06:55:33,028 [INFO]   Client 16 Loss: 7.1675
2026-07-21 06:55:34,038 [INFO]   Client 17 Loss: 7.1636
2026-07-21 06:55:34,397 [INFO]   Client 18 Loss: 7.1647
2026-07-21 06:55:37,215 [INFO]   Client 19 Loss: 7.1097
2026-07-21 06:55:47,843 [INFO]   Client 20 Loss: 6.6941
2026-07-21 06:55:52,748 [INFO]   Client 21 Loss: 7.4430
2026-07-21 06:55:57,693 [INFO]   Client 22 Loss: 6.7056
2026-07-21 06:56:05,026 [INFO]   Client 23 Loss: 6.6843
2026-07-21 06:56:16,529 [INFO]   Client 24 Loss: 6.8099
2026-07-21 06:56:16,736 [INFO]   Client 25 Loss: 7.6322
2026-07-21 06:56:17,345 [INFO]   Client 27 Loss: 7.8494
2026-07-21 06:56:23,803 [INFO]   Client 28 Loss: 6.8709
2026-07-21 06:56:32,456 [INFO]   Client 29 Loss: 6.8428
2026-07-21 06:56:34,445 [INFO]   Client 30 Loss: 6.8814
2026-07-21 06:56:46,949 [INFO]   Client 31 Loss: 6.7043
2026-07-21 06:56:50,765 [INFO]   Client 32 Loss: 6.8367
2026-07-21 06:56:52,399 [INFO]   Client 33 Loss: 7.2008
2026-07-21 06:56:57,167 [INFO]   Client 35 Loss: 6.7684
2026-07-21 06:57:01,064 [INFO]   Client 36 Loss: 6.9252
2026-07-21 06:57:07,012 [INFO]   Client 37 Loss: 6.8505
2026-07-21 06:57:07,106 [INFO]   Client 38 Loss: 9.4559
2026-07-21 06:57:07,879 [INFO]   Client 39 Loss: 7.2710
2026-07-21 06:57:24,935 [INFO]   Client 40 Loss: 6.5088
2026-07-21 06:57:25,447 [INFO]   Client 41 Loss: 7.6301
2026-07-21 06:57:25,696 [INFO]   Client 42 Loss: 7.6004
2026-07-21 06:57:25,964 [INFO]   Client 43 Loss: 7.6267
2026-07-21 06:57:38,557 [INFO]   Client 44 Loss: 6.6121
2026-07-21 06:57:39,044 [INFO]   Client 45 Loss: 7.7115
2026-07-21 06:57:39,992 [INFO]   Client 46 Loss: 7.1303
2026-07-21 06:57:57,513 [INFO]   Client 47 Loss: 6.7581
2026-07-21 06:58:02,927 [INFO]   Client 48 Loss: 6.6746
2026-07-21 06:58:04,700 [INFO]   Client 49 Loss: 6.8958
2026-07-21 06:58:08,954 [INFO]   Client 50 Loss: 6.7617
2026-07-21 06:58:17,292 [INFO]   Client 51 Loss: 6.7731
2026-07-21 06:58:21,954 [INFO]   Client 52 Loss: 7.2869
2026-07-21 06:58:31,033 [INFO]   Client 53 Loss: 6.6938
2026-07-21 06:58:36,643 [INFO]   Client 54 Loss: 6.9653
2026-07-21 06:58:44,251 [INFO]   Client 55 Loss: 6.5826
2026-07-21 06:58:45,532 [INFO]   Client 56 Loss: 7.5672
2026-07-21 06:58:46,429 [INFO]   Client 57 Loss: 7.4441
2026-07-21 06:58:55,975 [INFO]   Client 58 Loss: 6.6229
2026-07-21 06:59:04,796 [INFO]   Client 59 Loss: 6.8763
2026-07-21 07:01:18,937 [INFO] [Task 1 | Round 22/30 | Global 52] Acc: 37.22% | F1-Mac: 22.09% | Loss: 7.0610
2026-07-21 07:01:18,959 [INFO] 
--- Task 1, Round 23/30 (Global 53) ---
2026-07-21 07:01:23,910 [INFO]   Client 0 Loss: 6.8497
2026-07-21 07:01:26,911 [INFO]   Client 1 Loss: 6.8355
2026-07-21 07:01:37,596 [INFO]   Client 2 Loss: 6.7715
2026-07-21 07:01:43,651 [INFO]   Client 3 Loss: 7.3672
2026-07-21 07:01:47,371 [INFO]   Client 4 Loss: 7.0290
2026-07-21 07:01:50,651 [INFO]   Client 5 Loss: 6.6806
2026-07-21 07:01:58,413 [INFO]   Client 6 Loss: 6.7224
2026-07-21 07:02:12,803 [INFO]   Client 7 Loss: 6.5449
2026-07-21 07:02:22,392 [INFO]   Client 8 Loss: 7.2342
2026-07-21 07:02:28,442 [INFO]   Client 9 Loss: 6.7106
2026-07-21 07:02:31,326 [INFO]   Client 10 Loss: 7.3440
2026-07-21 07:02:39,734 [INFO]   Client 11 Loss: 6.8479
2026-07-21 07:02:41,524 [INFO]   Client 12 Loss: 7.1323
2026-07-21 07:02:52,893 [INFO]   Client 13 Loss: 6.6860
2026-07-21 07:02:53,129 [INFO]   Client 14 Loss: 7.3810
2026-07-21 07:02:53,888 [INFO]   Client 15 Loss: 7.5946
2026-07-21 07:02:54,168 [INFO]   Client 16 Loss: 7.1678
2026-07-21 07:02:55,175 [INFO]   Client 17 Loss: 7.1510
2026-07-21 07:02:55,536 [INFO]   Client 18 Loss: 7.2157
2026-07-21 07:02:58,498 [INFO]   Client 19 Loss: 7.1066
2026-07-21 07:03:09,327 [INFO]   Client 20 Loss: 6.7010
2026-07-21 07:03:14,256 [INFO]   Client 21 Loss: 7.4159
2026-07-21 07:03:19,202 [INFO]   Client 22 Loss: 6.6835
2026-07-21 07:03:26,508 [INFO]   Client 23 Loss: 6.6934
2026-07-21 07:03:38,173 [INFO]   Client 24 Loss: 6.7997
2026-07-21 07:03:38,382 [INFO]   Client 25 Loss: 7.6401
2026-07-21 07:03:38,990 [INFO]   Client 27 Loss: 7.8934
2026-07-21 07:03:45,369 [INFO]   Client 28 Loss: 6.8693
2026-07-21 07:03:54,000 [INFO]   Client 29 Loss: 6.8517
2026-07-21 07:03:55,975 [INFO]   Client 30 Loss: 6.8610
2026-07-21 07:04:08,416 [INFO]   Client 31 Loss: 6.6858
2026-07-21 07:04:12,206 [INFO]   Client 32 Loss: 6.8498
2026-07-21 07:04:13,690 [INFO]   Client 33 Loss: 7.2258
2026-07-21 07:04:18,603 [INFO]   Client 35 Loss: 6.7673
2026-07-21 07:04:22,545 [INFO]   Client 36 Loss: 6.9218
2026-07-21 07:04:28,535 [INFO]   Client 37 Loss: 6.8439
2026-07-21 07:04:28,628 [INFO]   Client 38 Loss: 9.4046
2026-07-21 07:04:29,397 [INFO]   Client 39 Loss: 7.2903
2026-07-21 07:04:46,238 [INFO]   Client 40 Loss: 6.5070
2026-07-21 07:04:46,745 [INFO]   Client 41 Loss: 7.6575
2026-07-21 07:04:47,134 [INFO]   Client 42 Loss: 7.6371
2026-07-21 07:04:47,373 [INFO]   Client 43 Loss: 7.6996
2026-07-21 07:04:59,691 [INFO]   Client 44 Loss: 6.6137
2026-07-21 07:05:00,338 [INFO]   Client 45 Loss: 7.5712
2026-07-21 07:05:01,141 [INFO]   Client 46 Loss: 7.1202
2026-07-21 07:05:18,570 [INFO]   Client 47 Loss: 6.7479
2026-07-21 07:05:24,008 [INFO]   Client 48 Loss: 6.6781
2026-07-21 07:05:25,917 [INFO]   Client 49 Loss: 6.9132
2026-07-21 07:05:30,145 [INFO]   Client 50 Loss: 6.7435
2026-07-21 07:05:38,355 [INFO]   Client 51 Loss: 6.7787
2026-07-21 07:05:43,028 [INFO]   Client 52 Loss: 7.3290
2026-07-21 07:05:52,317 [INFO]   Client 53 Loss: 6.6775
2026-07-21 07:05:57,779 [INFO]   Client 54 Loss: 6.9609
2026-07-21 07:06:05,366 [INFO]   Client 55 Loss: 6.5885
2026-07-21 07:06:06,653 [INFO]   Client 56 Loss: 7.5841
2026-07-21 07:06:07,541 [INFO]   Client 57 Loss: 7.5019
2026-07-21 07:06:17,055 [INFO]   Client 58 Loss: 6.6073
2026-07-21 07:06:25,822 [INFO]   Client 59 Loss: 6.8447
2026-07-21 07:08:39,311 [INFO] [Task 1 | Round 23/30 | Global 53] Acc: 37.21% | F1-Mac: 22.30% | Loss: 7.0609
2026-07-21 07:08:39,331 [INFO] 
--- Task 1, Round 24/30 (Global 54) ---
2026-07-21 07:08:44,249 [INFO]   Client 0 Loss: 6.8371
2026-07-21 07:08:47,282 [INFO]   Client 1 Loss: 6.8320
2026-07-21 07:08:57,931 [INFO]   Client 2 Loss: 6.7518
2026-07-21 07:09:03,987 [INFO]   Client 3 Loss: 7.3575
2026-07-21 07:09:07,730 [INFO]   Client 4 Loss: 7.0285
2026-07-21 07:09:11,019 [INFO]   Client 5 Loss: 6.6738
2026-07-21 07:09:18,818 [INFO]   Client 6 Loss: 6.7100
2026-07-21 07:09:33,142 [INFO]   Client 7 Loss: 6.5281
2026-07-21 07:09:42,751 [INFO]   Client 8 Loss: 7.2449
2026-07-21 07:09:48,803 [INFO]   Client 9 Loss: 6.7143
2026-07-21 07:09:51,686 [INFO]   Client 10 Loss: 7.3503
2026-07-21 07:10:00,296 [INFO]   Client 11 Loss: 6.8342
2026-07-21 07:10:01,925 [INFO]   Client 12 Loss: 7.1233
2026-07-21 07:10:13,419 [INFO]   Client 13 Loss: 6.6662
2026-07-21 07:10:13,659 [INFO]   Client 14 Loss: 7.3811
2026-07-21 07:10:14,269 [INFO]   Client 15 Loss: 7.5816
2026-07-21 07:10:14,549 [INFO]   Client 16 Loss: 7.1871
2026-07-21 07:10:15,696 [INFO]   Client 17 Loss: 7.1464
2026-07-21 07:10:16,076 [INFO]   Client 18 Loss: 7.2764
2026-07-21 07:10:18,890 [INFO]   Client 19 Loss: 7.0964
2026-07-21 07:10:29,655 [INFO]   Client 20 Loss: 6.6933
2026-07-21 07:10:34,571 [INFO]   Client 21 Loss: 7.4159
2026-07-21 07:10:39,509 [INFO]   Client 22 Loss: 6.6785
2026-07-21 07:10:46,850 [INFO]   Client 23 Loss: 6.6833
2026-07-21 07:10:58,545 [INFO]   Client 24 Loss: 6.7954
2026-07-21 07:10:58,755 [INFO]   Client 25 Loss: 7.5920
2026-07-21 07:10:59,360 [INFO]   Client 27 Loss: 7.8883
2026-07-21 07:11:05,621 [INFO]   Client 28 Loss: 6.8590
2026-07-21 07:11:14,309 [INFO]   Client 29 Loss: 6.8521
2026-07-21 07:11:16,301 [INFO]   Client 30 Loss: 6.8480
2026-07-21 07:11:28,610 [INFO]   Client 31 Loss: 6.6714
2026-07-21 07:11:32,566 [INFO]   Client 32 Loss: 6.8423
2026-07-21 07:11:34,067 [INFO]   Client 33 Loss: 7.2432
2026-07-21 07:11:38,852 [INFO]   Client 35 Loss: 6.7664
2026-07-21 07:11:42,916 [INFO]   Client 36 Loss: 6.8905
2026-07-21 07:11:48,887 [INFO]   Client 37 Loss: 6.8228
2026-07-21 07:11:48,981 [INFO]   Client 38 Loss: 9.4045
2026-07-21 07:11:49,748 [INFO]   Client 39 Loss: 7.2848
2026-07-21 07:12:06,645 [INFO]   Client 40 Loss: 6.4988
2026-07-21 07:12:07,149 [INFO]   Client 41 Loss: 7.6050
2026-07-21 07:12:07,396 [INFO]   Client 42 Loss: 7.6229
2026-07-21 07:12:07,636 [INFO]   Client 43 Loss: 7.5656
2026-07-21 07:12:20,198 [INFO]   Client 44 Loss: 6.6022
2026-07-21 07:12:20,691 [INFO]   Client 45 Loss: 7.5193
2026-07-21 07:12:21,640 [INFO]   Client 46 Loss: 7.1143
2026-07-21 07:12:39,032 [INFO]   Client 47 Loss: 6.7411
2026-07-21 07:12:44,491 [INFO]   Client 48 Loss: 6.6654
2026-07-21 07:12:46,395 [INFO]   Client 49 Loss: 6.9018
2026-07-21 07:12:50,607 [INFO]   Client 50 Loss: 6.7236
2026-07-21 07:12:58,978 [INFO]   Client 51 Loss: 6.7678
2026-07-21 07:13:03,652 [INFO]   Client 52 Loss: 7.2775
2026-07-21 07:13:12,915 [INFO]   Client 53 Loss: 6.6682
2026-07-21 07:13:18,373 [INFO]   Client 54 Loss: 6.9303
2026-07-21 07:13:26,082 [INFO]   Client 55 Loss: 6.5665
2026-07-21 07:13:27,210 [INFO]   Client 56 Loss: 7.5546
2026-07-21 07:13:28,099 [INFO]   Client 57 Loss: 7.4749
2026-07-21 07:13:37,422 [INFO]   Client 58 Loss: 6.6019
2026-07-21 07:13:46,233 [INFO]   Client 59 Loss: 6.8644
2026-07-21 07:16:00,261 [INFO] [Task 1 | Round 24/30 | Global 54] Acc: 37.23% | F1-Mac: 22.43% | Loss: 7.0486
2026-07-21 07:16:00,280 [INFO] 
--- Task 1, Round 25/30 (Global 55) ---
2026-07-21 07:16:05,193 [INFO]   Client 0 Loss: 6.8239
2026-07-21 07:16:08,207 [INFO]   Client 1 Loss: 6.8113
2026-07-21 07:16:19,026 [INFO]   Client 2 Loss: 6.7528
2026-07-21 07:16:25,079 [INFO]   Client 3 Loss: 7.4008
2026-07-21 07:16:28,663 [INFO]   Client 4 Loss: 7.0132
2026-07-21 07:16:32,100 [INFO]   Client 5 Loss: 6.6658
2026-07-21 07:16:39,716 [INFO]   Client 6 Loss: 6.7059
2026-07-21 07:16:54,036 [INFO]   Client 7 Loss: 6.5266
2026-07-21 07:17:03,608 [INFO]   Client 8 Loss: 7.2570
2026-07-21 07:17:09,691 [INFO]   Client 9 Loss: 6.6948
2026-07-21 07:17:12,599 [INFO]   Client 10 Loss: 7.3055
2026-07-21 07:17:21,146 [INFO]   Client 11 Loss: 6.8224
2026-07-21 07:17:22,907 [INFO]   Client 12 Loss: 7.1036
2026-07-21 07:17:34,188 [INFO]   Client 13 Loss: 6.6536
2026-07-21 07:17:34,423 [INFO]   Client 14 Loss: 7.3662
2026-07-21 07:17:35,029 [INFO]   Client 15 Loss: 7.5865
2026-07-21 07:17:35,457 [INFO]   Client 16 Loss: 7.1334
2026-07-21 07:17:36,465 [INFO]   Client 17 Loss: 7.1284
2026-07-21 07:17:36,818 [INFO]   Client 18 Loss: 7.2441
2026-07-21 07:17:39,629 [INFO]   Client 19 Loss: 7.0880
2026-07-21 07:17:50,259 [INFO]   Client 20 Loss: 6.6888
2026-07-21 07:17:55,157 [INFO]   Client 21 Loss: 7.4138
2026-07-21 07:18:00,099 [INFO]   Client 22 Loss: 6.6628
2026-07-21 07:18:07,433 [INFO]   Client 23 Loss: 6.6667
2026-07-21 07:18:18,925 [INFO]   Client 24 Loss: 6.7869
2026-07-21 07:18:19,132 [INFO]   Client 25 Loss: 7.6230
2026-07-21 07:18:19,740 [INFO]   Client 27 Loss: 7.9092
2026-07-21 07:18:26,139 [INFO]   Client 28 Loss: 6.8598
2026-07-21 07:18:34,752 [INFO]   Client 29 Loss: 6.8144
2026-07-21 07:18:36,734 [INFO]   Client 30 Loss: 6.8271
2026-07-21 07:18:49,169 [INFO]   Client 31 Loss: 6.6945
2026-07-21 07:18:52,953 [INFO]   Client 32 Loss: 6.8039
2026-07-21 07:18:54,591 [INFO]   Client 33 Loss: 7.1680
2026-07-21 07:18:59,395 [INFO]   Client 35 Loss: 6.7490
2026-07-21 07:19:03,326 [INFO]   Client 36 Loss: 6.8938
2026-07-21 07:19:09,277 [INFO]   Client 37 Loss: 6.8112
2026-07-21 07:19:09,373 [INFO]   Client 38 Loss: 9.3427
2026-07-21 07:19:10,142 [INFO]   Client 39 Loss: 7.2936
2026-07-21 07:19:27,186 [INFO]   Client 40 Loss: 6.4820
2026-07-21 07:19:27,703 [INFO]   Client 41 Loss: 7.6244
2026-07-21 07:19:27,948 [INFO]   Client 42 Loss: 7.6378
2026-07-21 07:19:28,187 [INFO]   Client 43 Loss: 7.6289
2026-07-21 07:19:40,752 [INFO]   Client 44 Loss: 6.6031
2026-07-21 07:19:41,236 [INFO]   Client 45 Loss: 7.7816
2026-07-21 07:19:42,180 [INFO]   Client 46 Loss: 7.1151
2026-07-21 07:19:59,631 [INFO]   Client 47 Loss: 6.7298
2026-07-21 07:20:05,029 [INFO]   Client 48 Loss: 6.6621
2026-07-21 07:20:06,793 [INFO]   Client 49 Loss: 6.8999
2026-07-21 07:20:11,013 [INFO]   Client 50 Loss: 6.7253
2026-07-21 07:20:19,372 [INFO]   Client 51 Loss: 6.7696
2026-07-21 07:20:24,030 [INFO]   Client 52 Loss: 7.2858
2026-07-21 07:20:33,142 [INFO]   Client 53 Loss: 6.6596
2026-07-21 07:20:38,768 [INFO]   Client 54 Loss: 6.9398
2026-07-21 07:20:46,347 [INFO]   Client 55 Loss: 6.5613
2026-07-21 07:20:47,611 [INFO]   Client 56 Loss: 7.5471
2026-07-21 07:20:48,498 [INFO]   Client 57 Loss: 7.4206
2026-07-21 07:20:58,030 [INFO]   Client 58 Loss: 6.5892
2026-07-21 07:21:06,834 [INFO]   Client 59 Loss: 6.8382
2026-07-21 07:23:21,347 [INFO] [Task 1 | Round 25/30 | Global 55] Acc: 37.24% | F1-Mac: 22.55% | Loss: 7.0447
2026-07-21 07:23:21,368 [INFO] 
--- Task 1, Round 26/30 (Global 56) ---
2026-07-21 07:23:26,270 [INFO]   Client 0 Loss: 6.8247
2026-07-21 07:23:29,251 [INFO]   Client 1 Loss: 6.8083
2026-07-21 07:23:39,853 [INFO]   Client 2 Loss: 6.7360
2026-07-21 07:23:45,901 [INFO]   Client 3 Loss: 7.3716
2026-07-21 07:23:49,612 [INFO]   Client 4 Loss: 6.9906
2026-07-21 07:23:52,907 [INFO]   Client 5 Loss: 6.6545
2026-07-21 07:24:00,681 [INFO]   Client 6 Loss: 6.6816
2026-07-21 07:24:15,075 [INFO]   Client 7 Loss: 6.5234
2026-07-21 07:24:24,715 [INFO]   Client 8 Loss: 7.2439
2026-07-21 07:24:30,806 [INFO]   Client 9 Loss: 6.7050
2026-07-21 07:24:33,690 [INFO]   Client 10 Loss: 7.2930
2026-07-21 07:24:42,115 [INFO]   Client 11 Loss: 6.8158
2026-07-21 07:24:43,886 [INFO]   Client 12 Loss: 7.0997
2026-07-21 07:24:55,178 [INFO]   Client 13 Loss: 6.6575
2026-07-21 07:24:55,420 [INFO]   Client 14 Loss: 7.3501
2026-07-21 07:24:56,174 [INFO]   Client 15 Loss: 7.5973
2026-07-21 07:24:56,454 [INFO]   Client 16 Loss: 7.1810
2026-07-21 07:24:57,460 [INFO]   Client 17 Loss: 7.1285
2026-07-21 07:24:57,819 [INFO]   Client 18 Loss: 7.1199
2026-07-21 07:25:00,788 [INFO]   Client 19 Loss: 7.0842
2026-07-21 07:25:11,675 [INFO]   Client 20 Loss: 6.6682
2026-07-21 07:25:16,614 [INFO]   Client 21 Loss: 7.3658
2026-07-21 07:25:21,552 [INFO]   Client 22 Loss: 6.6577
2026-07-21 07:25:28,879 [INFO]   Client 23 Loss: 6.6832
2026-07-21 07:25:40,536 [INFO]   Client 24 Loss: 6.7844
2026-07-21 07:25:40,743 [INFO]   Client 25 Loss: 7.5834
2026-07-21 07:25:41,353 [INFO]   Client 27 Loss: 7.8401
2026-07-21 07:25:47,780 [INFO]   Client 28 Loss: 6.8522
2026-07-21 07:25:56,412 [INFO]   Client 29 Loss: 6.8048
2026-07-21 07:25:58,380 [INFO]   Client 30 Loss: 6.8328
2026-07-21 07:26:10,809 [INFO]   Client 31 Loss: 6.6500
2026-07-21 07:26:14,598 [INFO]   Client 32 Loss: 6.8066
2026-07-21 07:26:16,081 [INFO]   Client 33 Loss: 7.1924
2026-07-21 07:26:21,018 [INFO]   Client 35 Loss: 6.7474
2026-07-21 07:26:24,921 [INFO]   Client 36 Loss: 6.8822
2026-07-21 07:26:30,911 [INFO]   Client 37 Loss: 6.8122
2026-07-21 07:26:31,005 [INFO]   Client 38 Loss: 9.4467
2026-07-21 07:26:31,777 [INFO]   Client 39 Loss: 7.2651
2026-07-21 07:26:48,617 [INFO]   Client 40 Loss: 6.4877
2026-07-21 07:26:49,133 [INFO]   Client 41 Loss: 7.6303
2026-07-21 07:26:49,531 [INFO]   Client 42 Loss: 7.5931
2026-07-21 07:26:49,771 [INFO]   Client 43 Loss: 7.6142
2026-07-21 07:27:02,194 [INFO]   Client 44 Loss: 6.5868
2026-07-21 07:27:02,833 [INFO]   Client 45 Loss: 7.6008
2026-07-21 07:27:03,636 [INFO]   Client 46 Loss: 7.1134
2026-07-21 07:27:21,242 [INFO]   Client 47 Loss: 6.7230
2026-07-21 07:27:26,710 [INFO]   Client 48 Loss: 6.6570
2026-07-21 07:27:28,633 [INFO]   Client 49 Loss: 6.8897
2026-07-21 07:27:32,885 [INFO]   Client 50 Loss: 6.7143
2026-07-21 07:27:41,148 [INFO]   Client 51 Loss: 6.7475
2026-07-21 07:27:45,827 [INFO]   Client 52 Loss: 7.3033
2026-07-21 07:27:55,128 [INFO]   Client 53 Loss: 6.6548
2026-07-21 07:28:00,595 [INFO]   Client 54 Loss: 6.9383
2026-07-21 07:28:08,152 [INFO]   Client 55 Loss: 6.5641
2026-07-21 07:28:09,435 [INFO]   Client 56 Loss: 7.5907
2026-07-21 07:28:10,324 [INFO]   Client 57 Loss: 7.5325
2026-07-21 07:28:19,838 [INFO]   Client 58 Loss: 6.5826
2026-07-21 07:28:28,622 [INFO]   Client 59 Loss: 6.8511
2026-07-21 07:30:43,937 [INFO] [Task 1 | Round 26/30 | Global 56] Acc: 37.24% | F1-Mac: 22.45% | Loss: 7.0365
2026-07-21 07:30:43,959 [INFO] 
--- Task 1, Round 27/30 (Global 57) ---
2026-07-21 07:30:48,880 [INFO]   Client 0 Loss: 6.8170
2026-07-21 07:30:51,891 [INFO]   Client 1 Loss: 6.7954
2026-07-21 07:31:02,489 [INFO]   Client 2 Loss: 6.7352
2026-07-21 07:31:08,543 [INFO]   Client 3 Loss: 7.3473
2026-07-21 07:31:12,264 [INFO]   Client 4 Loss: 6.9768
2026-07-21 07:31:15,569 [INFO]   Client 5 Loss: 6.6486
2026-07-21 07:31:23,390 [INFO]   Client 6 Loss: 6.6764
2026-07-21 07:31:37,786 [INFO]   Client 7 Loss: 6.5172
2026-07-21 07:31:47,378 [INFO]   Client 8 Loss: 7.2435
2026-07-21 07:31:53,445 [INFO]   Client 9 Loss: 6.6808
2026-07-21 07:31:56,333 [INFO]   Client 10 Loss: 7.2772
2026-07-21 07:32:04,891 [INFO]   Client 11 Loss: 6.8172
2026-07-21 07:32:06,545 [INFO]   Client 12 Loss: 7.0850
2026-07-21 07:32:18,064 [INFO]   Client 13 Loss: 6.6409
2026-07-21 07:32:18,302 [INFO]   Client 14 Loss: 7.3757
2026-07-21 07:32:18,916 [INFO]   Client 15 Loss: 7.6032
2026-07-21 07:32:19,200 [INFO]   Client 16 Loss: 7.1685
2026-07-21 07:32:20,365 [INFO]   Client 17 Loss: 7.1345
2026-07-21 07:32:20,726 [INFO]   Client 18 Loss: 7.1865
2026-07-21 07:32:23,559 [INFO]   Client 19 Loss: 7.0645
2026-07-21 07:32:34,373 [INFO]   Client 20 Loss: 6.6595
2026-07-21 07:32:39,292 [INFO]   Client 21 Loss: 7.3850
2026-07-21 07:32:44,247 [INFO]   Client 22 Loss: 6.6427
2026-07-21 07:32:51,590 [INFO]   Client 23 Loss: 6.6812
2026-07-21 07:33:03,278 [INFO]   Client 24 Loss: 6.7718
2026-07-21 07:33:03,485 [INFO]   Client 25 Loss: 7.6039
2026-07-21 07:33:04,093 [INFO]   Client 27 Loss: 7.8201
2026-07-21 07:33:10,341 [INFO]   Client 28 Loss: 6.8313
2026-07-21 07:33:19,000 [INFO]   Client 29 Loss: 6.8001
2026-07-21 07:33:20,969 [INFO]   Client 30 Loss: 6.8296
2026-07-21 07:33:33,312 [INFO]   Client 31 Loss: 6.6568
2026-07-21 07:33:37,276 [INFO]   Client 32 Loss: 6.8084
2026-07-21 07:33:38,760 [INFO]   Client 33 Loss: 7.1740
2026-07-21 07:33:43,502 [INFO]   Client 35 Loss: 6.7521
2026-07-21 07:33:47,571 [INFO]   Client 36 Loss: 6.8891
2026-07-21 07:33:53,542 [INFO]   Client 37 Loss: 6.8089
2026-07-21 07:33:53,635 [INFO]   Client 38 Loss: 9.3825
2026-07-21 07:33:54,403 [INFO]   Client 39 Loss: 7.2647
2026-07-21 07:34:11,387 [INFO]   Client 40 Loss: 6.4792
2026-07-21 07:34:11,905 [INFO]   Client 41 Loss: 7.6869
2026-07-21 07:34:12,149 [INFO]   Client 42 Loss: 7.6194
2026-07-21 07:34:12,391 [INFO]   Client 43 Loss: 7.6656
2026-07-21 07:34:24,992 [INFO]   Client 44 Loss: 6.5815
2026-07-21 07:34:25,481 [INFO]   Client 45 Loss: 7.5244
2026-07-21 07:34:26,439 [INFO]   Client 46 Loss: 7.1296
2026-07-21 07:34:43,840 [INFO]   Client 47 Loss: 6.7164
2026-07-21 07:34:49,285 [INFO]   Client 48 Loss: 6.6581
2026-07-21 07:34:51,207 [INFO]   Client 49 Loss: 6.8795
2026-07-21 07:34:55,477 [INFO]   Client 50 Loss: 6.7184
2026-07-21 07:35:04,011 [INFO]   Client 51 Loss: 6.7522
2026-07-21 07:35:08,798 [INFO]   Client 52 Loss: 7.2679
2026-07-21 07:35:18,218 [INFO]   Client 53 Loss: 6.6575
2026-07-21 07:35:23,754 [INFO]   Client 54 Loss: 6.9421
2026-07-21 07:35:31,519 [INFO]   Client 55 Loss: 6.5494
2026-07-21 07:35:32,644 [INFO]   Client 56 Loss: 7.5491
2026-07-21 07:35:33,532 [INFO]   Client 57 Loss: 7.4509
2026-07-21 07:35:42,905 [INFO]   Client 58 Loss: 6.5787
2026-07-21 07:35:51,646 [INFO]   Client 59 Loss: 6.8543
2026-07-21 07:38:05,269 [INFO] [Task 1 | Round 27/30 | Global 57] Acc: 37.25% | F1-Mac: 22.56% | Loss: 7.0313
2026-07-21 07:38:05,290 [INFO] 
--- Task 1, Round 28/30 (Global 58) ---
2026-07-21 07:38:10,183 [INFO]   Client 0 Loss: 6.7986
2026-07-21 07:38:13,121 [INFO]   Client 1 Loss: 6.8028
2026-07-21 07:38:23,725 [INFO]   Client 2 Loss: 6.7304
2026-07-21 07:38:29,751 [INFO]   Client 3 Loss: 7.3505
2026-07-21 07:38:33,342 [INFO]   Client 4 Loss: 6.9625
2026-07-21 07:38:36,818 [INFO]   Client 5 Loss: 6.6466
2026-07-21 07:38:44,412 [INFO]   Client 6 Loss: 6.6790
2026-07-21 07:38:58,795 [INFO]   Client 7 Loss: 6.5127
2026-07-21 07:39:08,486 [INFO]   Client 8 Loss: 7.1991
2026-07-21 07:39:14,540 [INFO]   Client 9 Loss: 6.6889
2026-07-21 07:39:17,530 [INFO]   Client 10 Loss: 7.2875
2026-07-21 07:39:26,105 [INFO]   Client 11 Loss: 6.8154
2026-07-21 07:39:27,893 [INFO]   Client 12 Loss: 7.0629
2026-07-21 07:39:39,288 [INFO]   Client 13 Loss: 6.6403
2026-07-21 07:39:39,526 [INFO]   Client 14 Loss: 7.3291
2026-07-21 07:39:40,139 [INFO]   Client 15 Loss: 7.5943
2026-07-21 07:39:40,573 [INFO]   Client 16 Loss: 7.0690
2026-07-21 07:39:41,588 [INFO]   Client 17 Loss: 7.1286
2026-07-21 07:39:41,949 [INFO]   Client 18 Loss: 7.2342
2026-07-21 07:39:44,783 [INFO]   Client 19 Loss: 7.0606
2026-07-21 07:39:55,474 [INFO]   Client 20 Loss: 6.6619
2026-07-21 07:40:00,395 [INFO]   Client 21 Loss: 7.3780
2026-07-21 07:40:05,355 [INFO]   Client 22 Loss: 6.6417
2026-07-21 07:40:12,688 [INFO]   Client 23 Loss: 6.6569
2026-07-21 07:40:24,204 [INFO]   Client 24 Loss: 6.7770
2026-07-21 07:40:24,410 [INFO]   Client 25 Loss: 7.5968
2026-07-21 07:40:25,020 [INFO]   Client 27 Loss: 7.8837
2026-07-21 07:40:31,440 [INFO]   Client 28 Loss: 6.8222
2026-07-21 07:40:40,103 [INFO]   Client 29 Loss: 6.7937
2026-07-21 07:40:42,076 [INFO]   Client 30 Loss: 6.8314
2026-07-21 07:40:54,589 [INFO]   Client 31 Loss: 6.6570
2026-07-21 07:40:58,401 [INFO]   Client 32 Loss: 6.7785
2026-07-21 07:41:00,028 [INFO]   Client 33 Loss: 7.1833
2026-07-21 07:41:04,764 [INFO]   Client 35 Loss: 6.7402
2026-07-21 07:41:08,646 [INFO]   Client 36 Loss: 6.8934
2026-07-21 07:41:14,557 [INFO]   Client 37 Loss: 6.8018
2026-07-21 07:41:14,649 [INFO]   Client 38 Loss: 9.3519
2026-07-21 07:41:15,420 [INFO]   Client 39 Loss: 7.2622
2026-07-21 07:41:32,505 [INFO]   Client 40 Loss: 6.4727
2026-07-21 07:41:33,015 [INFO]   Client 41 Loss: 7.6409
2026-07-21 07:41:33,262 [INFO]   Client 42 Loss: 7.5915
2026-07-21 07:41:33,504 [INFO]   Client 43 Loss: 7.6347
2026-07-21 07:41:46,071 [INFO]   Client 44 Loss: 6.5727
2026-07-21 07:41:46,559 [INFO]   Client 45 Loss: 7.6160
2026-07-21 07:41:47,515 [INFO]   Client 46 Loss: 7.0975
2026-07-21 07:42:05,107 [INFO]   Client 47 Loss: 6.7015
2026-07-21 07:42:10,562 [INFO]   Client 48 Loss: 6.6425
2026-07-21 07:42:12,323 [INFO]   Client 49 Loss: 6.8818
2026-07-21 07:42:16,588 [INFO]   Client 50 Loss: 6.7042
2026-07-21 07:42:24,958 [INFO]   Client 51 Loss: 6.7397
2026-07-21 07:42:29,628 [INFO]   Client 52 Loss: 7.2401
2026-07-21 07:42:38,725 [INFO]   Client 53 Loss: 6.6449
2026-07-21 07:42:44,326 [INFO]   Client 54 Loss: 6.9195
2026-07-21 07:42:51,862 [INFO]   Client 55 Loss: 6.5579
2026-07-21 07:42:53,121 [INFO]   Client 56 Loss: 7.5751
2026-07-21 07:42:54,008 [INFO]   Client 57 Loss: 7.4768
2026-07-21 07:43:03,474 [INFO]   Client 58 Loss: 6.5750
2026-07-21 07:43:12,272 [INFO]   Client 59 Loss: 6.8369
2026-07-21 07:45:23,776 [INFO] [Task 1 | Round 28/30 | Global 58] Acc: 37.26% | F1-Mac: 22.86% | Loss: 7.0246
2026-07-21 07:45:23,797 [INFO] 
--- Task 1, Round 29/30 (Global 59) ---
2026-07-21 07:45:28,707 [INFO]   Client 0 Loss: 6.8167
2026-07-21 07:45:31,689 [INFO]   Client 1 Loss: 6.7935
2026-07-21 07:45:42,195 [INFO]   Client 2 Loss: 6.7349
2026-07-21 07:45:48,212 [INFO]   Client 3 Loss: 7.3524
2026-07-21 07:45:51,932 [INFO]   Client 4 Loss: 7.0008
2026-07-21 07:45:55,191 [INFO]   Client 5 Loss: 6.6354
2026-07-21 07:46:03,015 [INFO]   Client 6 Loss: 6.6761
2026-07-21 07:46:17,308 [INFO]   Client 7 Loss: 6.5008
2026-07-21 07:46:26,933 [INFO]   Client 8 Loss: 7.2104
2026-07-21 07:46:32,993 [INFO]   Client 9 Loss: 6.6927
2026-07-21 07:46:35,852 [INFO]   Client 10 Loss: 7.2655
2026-07-21 07:46:44,215 [INFO]   Client 11 Loss: 6.7966
2026-07-21 07:46:45,988 [INFO]   Client 12 Loss: 7.0820
2026-07-21 07:46:57,218 [INFO]   Client 13 Loss: 6.6391
2026-07-21 07:46:57,458 [INFO]   Client 14 Loss: 7.3214
2026-07-21 07:46:58,213 [INFO]   Client 15 Loss: 7.5564
2026-07-21 07:46:58,495 [INFO]   Client 16 Loss: 7.1105
2026-07-21 07:46:59,496 [INFO]   Client 17 Loss: 7.1181
2026-07-21 07:46:59,847 [INFO]   Client 18 Loss: 7.1945
2026-07-21 07:47:02,808 [INFO]   Client 19 Loss: 7.0663
2026-07-21 07:47:13,565 [INFO]   Client 20 Loss: 6.6515
2026-07-21 07:47:18,459 [INFO]   Client 21 Loss: 7.3465
2026-07-21 07:47:23,388 [INFO]   Client 22 Loss: 6.6382
2026-07-21 07:47:30,699 [INFO]   Client 23 Loss: 6.6468
2026-07-21 07:47:42,354 [INFO]   Client 24 Loss: 6.7667
2026-07-21 07:47:42,560 [INFO]   Client 25 Loss: 7.5969
2026-07-21 07:47:43,169 [INFO]   Client 27 Loss: 7.7495
2026-07-21 07:47:49,572 [INFO]   Client 28 Loss: 6.8339
2026-07-21 07:47:58,204 [INFO]   Client 29 Loss: 6.7895
2026-07-21 07:48:00,174 [INFO]   Client 30 Loss: 6.8197
2026-07-21 07:48:12,624 [INFO]   Client 31 Loss: 6.6494
2026-07-21 07:48:16,413 [INFO]   Client 32 Loss: 6.7996
2026-07-21 07:48:17,896 [INFO]   Client 33 Loss: 7.1481
2026-07-21 07:48:22,802 [INFO]   Client 35 Loss: 6.7321
2026-07-21 07:48:26,718 [INFO]   Client 36 Loss: 6.8883
2026-07-21 07:48:32,647 [INFO]   Client 37 Loss: 6.8017
2026-07-21 07:48:32,740 [INFO]   Client 38 Loss: 9.3696
2026-07-21 07:48:33,507 [INFO]   Client 39 Loss: 7.2704
2026-07-21 07:48:50,147 [INFO]   Client 40 Loss: 6.4642
2026-07-21 07:48:50,660 [INFO]   Client 41 Loss: 7.6234
2026-07-21 07:48:51,060 [INFO]   Client 42 Loss: 7.6060
2026-07-21 07:48:51,301 [INFO]   Client 43 Loss: 7.6327
2026-07-21 07:49:03,695 [INFO]   Client 44 Loss: 6.5674
2026-07-21 07:49:04,328 [INFO]   Client 45 Loss: 7.5436
2026-07-21 07:49:05,123 [INFO]   Client 46 Loss: 7.1281
2026-07-21 07:49:22,600 [INFO]   Client 47 Loss: 6.6975
2026-07-21 07:49:28,045 [INFO]   Client 48 Loss: 6.6469
2026-07-21 07:49:29,960 [INFO]   Client 49 Loss: 6.8725
2026-07-21 07:49:34,192 [INFO]   Client 50 Loss: 6.7004
2026-07-21 07:49:42,420 [INFO]   Client 51 Loss: 6.7468
2026-07-21 07:49:47,080 [INFO]   Client 52 Loss: 7.2383
2026-07-21 07:49:56,364 [INFO]   Client 53 Loss: 6.6464
2026-07-21 07:50:01,813 [INFO]   Client 54 Loss: 6.9038
2026-07-21 07:50:09,461 [INFO]   Client 55 Loss: 6.5416
2026-07-21 07:50:10,735 [INFO]   Client 56 Loss: 7.5475
2026-07-21 07:50:11,624 [INFO]   Client 57 Loss: 7.4747
2026-07-21 07:50:21,172 [INFO]   Client 58 Loss: 6.5847
2026-07-21 07:50:30,034 [INFO]   Client 59 Loss: 6.8156
2026-07-21 07:52:43,181 [INFO] [Task 1 | Round 29/30 | Global 59] Acc: 37.26% | F1-Mac: 23.08% | Loss: 7.0180
2026-07-21 07:52:43,202 [INFO] 
--- Task 1, Round 30/30 (Global 60) ---
2026-07-21 07:52:48,082 [INFO]   Client 0 Loss: 6.8096
2026-07-21 07:52:51,045 [INFO]   Client 1 Loss: 6.7864
2026-07-21 07:53:01,552 [INFO]   Client 2 Loss: 6.7290
2026-07-21 07:53:07,619 [INFO]   Client 3 Loss: 7.3432
2026-07-21 07:53:11,339 [INFO]   Client 4 Loss: 6.9582
2026-07-21 07:53:14,621 [INFO]   Client 5 Loss: 6.6255
2026-07-21 07:53:22,438 [INFO]   Client 6 Loss: 6.6807
2026-07-21 07:53:36,830 [INFO]   Client 7 Loss: 6.4970
2026-07-21 07:53:46,419 [INFO]   Client 8 Loss: 7.2203
2026-07-21 07:53:52,442 [INFO]   Client 9 Loss: 6.6820
2026-07-21 07:53:55,336 [INFO]   Client 10 Loss: 7.2375
2026-07-21 07:54:03,815 [INFO]   Client 11 Loss: 6.7896
2026-07-21 07:54:05,439 [INFO]   Client 12 Loss: 7.0896
2026-07-21 07:54:16,819 [INFO]   Client 13 Loss: 6.6177
2026-07-21 07:54:17,052 [INFO]   Client 14 Loss: 7.3923
2026-07-21 07:54:17,667 [INFO]   Client 15 Loss: 7.5879
2026-07-21 07:54:17,948 [INFO]   Client 16 Loss: 7.1339
2026-07-21 07:54:19,113 [INFO]   Client 17 Loss: 7.0920
2026-07-21 07:54:19,473 [INFO]   Client 18 Loss: 7.2411
2026-07-21 07:54:22,294 [INFO]   Client 19 Loss: 7.0469
2026-07-21 07:54:33,140 [INFO]   Client 20 Loss: 6.6340
2026-07-21 07:54:38,054 [INFO]   Client 21 Loss: 7.3537
2026-07-21 07:54:42,997 [INFO]   Client 22 Loss: 6.6212
2026-07-21 07:54:50,306 [INFO]   Client 23 Loss: 6.6356
2026-07-21 07:55:01,969 [INFO]   Client 24 Loss: 6.7580
2026-07-21 07:55:02,176 [INFO]   Client 25 Loss: 7.5930
2026-07-21 07:55:02,784 [INFO]   Client 27 Loss: 7.8939
2026-07-21 07:55:09,047 [INFO]   Client 28 Loss: 6.8109
2026-07-21 07:55:17,668 [INFO]   Client 29 Loss: 6.7819
2026-07-21 07:55:19,637 [INFO]   Client 30 Loss: 6.8004
2026-07-21 07:55:31,952 [INFO]   Client 31 Loss: 6.6731
2026-07-21 07:55:35,921 [INFO]   Client 32 Loss: 6.7679
2026-07-21 07:55:37,403 [INFO]   Client 33 Loss: 7.1901
2026-07-21 07:55:42,186 [INFO]   Client 35 Loss: 6.7272
2026-07-21 07:55:46,247 [INFO]   Client 36 Loss: 6.8609
2026-07-21 07:55:52,195 [INFO]   Client 37 Loss: 6.7991
2026-07-21 07:55:52,289 [INFO]   Client 38 Loss: 9.4628
2026-07-21 07:55:53,063 [INFO]   Client 39 Loss: 7.2901
2026-07-21 07:56:09,970 [INFO]   Client 40 Loss: 6.4620
2026-07-21 07:56:10,477 [INFO]   Client 41 Loss: 7.7488
2026-07-21 07:56:10,722 [INFO]   Client 42 Loss: 7.6188
2026-07-21 07:56:10,963 [INFO]   Client 43 Loss: 7.6460
2026-07-21 07:56:23,557 [INFO]   Client 44 Loss: 6.5574
2026-07-21 07:56:24,048 [INFO]   Client 45 Loss: 7.4377
2026-07-21 07:56:25,016 [INFO]   Client 46 Loss: 7.1040
2026-07-21 07:56:42,534 [INFO]   Client 47 Loss: 6.6954
2026-07-21 07:56:48,012 [INFO]   Client 48 Loss: 6.6340
2026-07-21 07:56:49,931 [INFO]   Client 49 Loss: 6.8678
2026-07-21 07:56:54,184 [INFO]   Client 50 Loss: 6.6989
2026-07-21 07:57:02,607 [INFO]   Client 51 Loss: 6.7346
2026-07-21 07:57:07,327 [INFO]   Client 52 Loss: 7.2364
2026-07-21 07:57:16,610 [INFO]   Client 53 Loss: 6.6268
2026-07-21 07:57:22,063 [INFO]   Client 54 Loss: 6.9104
2026-07-21 07:57:29,763 [INFO]   Client 55 Loss: 6.5312
2026-07-21 07:57:30,886 [INFO]   Client 56 Loss: 7.5208
2026-07-21 07:57:31,775 [INFO]   Client 57 Loss: 7.3241
2026-07-21 07:57:41,116 [INFO]   Client 58 Loss: 6.5592
2026-07-21 07:57:49,956 [INFO]   Client 59 Loss: 6.8127
2026-07-21 08:00:02,116 [INFO] [Task 1 | Round 30/30 | Global 60] Acc: 37.26% | F1-Mac: 22.85% | Loss: 7.0162
2026-07-21 08:00:02,136 [INFO] Task 1 finished. Computing statistics for replay across clients...
2026-07-21 08:01:01,576 [INFO] Task 1 fully completed.
2026-07-21 08:01:01,733 [INFO] --- Starting Task 2 ---
2026-07-21 08:01:10,315 [INFO] Expanding Global Classifier: 12 -> 18
2026-07-21 08:01:14,402 [INFO] 
--- Task 2, Round 1/30 (Global 61) ---
2026-07-21 08:01:14,940 [INFO]   Client 0 Loss: 13.3887
2026-07-21 08:01:15,545 [INFO]   Client 1 Loss: 10.5344
2026-07-21 08:01:20,545 [INFO]   Client 2 Loss: 9.7720
2026-07-21 08:01:36,171 [INFO]   Client 3 Loss: 9.0092
2026-07-21 08:01:36,871 [INFO]   Client 4 Loss: 11.1422
2026-07-21 08:01:38,092 [INFO]   Client 5 Loss: 10.0570
2026-07-21 08:01:40,344 [INFO]   Client 6 Loss: 10.2515
2026-07-21 08:01:45,048 [INFO]   Client 7 Loss: 9.7134
2026-07-21 08:01:47,453 [INFO]   Client 8 Loss: 9.9306
2026-07-21 08:01:55,247 [INFO]   Client 9 Loss: 8.9966
2026-07-21 08:01:56,927 [INFO]   Client 10 Loss: 11.7766
2026-07-21 08:02:04,040 [INFO]   Client 11 Loss: 9.2548
2026-07-21 08:02:18,552 [INFO]   Client 12 Loss: 8.9105
2026-07-21 08:02:21,705 [INFO]   Client 13 Loss: 9.9671
2026-07-21 08:02:31,590 [INFO]   Client 14 Loss: 9.1588
2026-07-21 08:02:47,881 [INFO]   Client 15 Loss: 8.8608
2026-07-21 08:03:02,496 [INFO]   Client 16 Loss: 8.9580
2026-07-21 08:03:05,534 [INFO]   Client 17 Loss: 9.8179
2026-07-21 08:03:17,465 [INFO]   Client 18 Loss: 9.1046
2026-07-21 08:03:23,140 [INFO]   Client 19 Loss: 9.4843
2026-07-21 08:03:26,040 [INFO]   Client 20 Loss: 9.9729
2026-07-21 08:03:29,573 [INFO]   Client 21 Loss: 9.6819
2026-07-21 08:03:39,462 [INFO]   Client 22 Loss: 9.1579
2026-07-21 08:03:42,585 [INFO]   Client 24 Loss: 9.8053
2026-07-21 08:03:43,669 [INFO]   Client 25 Loss: 11.1818
2026-07-21 08:03:51,453 [INFO]   Client 26 Loss: 9.0028
2026-07-21 08:03:53,611 [INFO]   Client 27 Loss: 11.2120
2026-07-21 08:03:58,003 [INFO]   Client 28 Loss: 9.5839
2026-07-21 08:04:07,030 [INFO]   Client 29 Loss: 9.1771
2026-07-21 08:04:11,781 [INFO]   Client 30 Loss: 9.3462
2026-07-21 08:04:15,981 [INFO]   Client 31 Loss: 9.7105
2026-07-21 08:04:26,203 [INFO]   Client 33 Loss: 8.7983
2026-07-21 08:04:34,028 [INFO]   Client 34 Loss: 9.1616
2026-07-21 08:04:37,045 [INFO]   Client 35 Loss: 9.7863
2026-07-21 08:04:45,474 [INFO]   Client 36 Loss: 9.3258
2026-07-21 08:04:57,148 [INFO]   Client 37 Loss: 9.1720
2026-07-21 08:04:57,361 [INFO]   Client 38 Loss: 10.6121
2026-07-21 08:04:59,594 [INFO]   Client 40 Loss: 10.0767
2026-07-21 08:05:03,460 [INFO]   Client 41 Loss: 9.5865
2026-07-21 08:05:14,913 [INFO]   Client 42 Loss: 8.8665
2026-07-21 08:05:19,626 [INFO]   Client 43 Loss: 9.6953
2026-07-21 08:05:32,946 [INFO]   Client 44 Loss: 8.5367
2026-07-21 08:05:38,868 [INFO]   Client 45 Loss: 9.3558
2026-07-21 08:05:46,840 [INFO]   Client 46 Loss: 9.2030
2026-07-21 08:05:54,984 [INFO]   Client 47 Loss: 9.1165
2026-07-21 08:05:56,401 [INFO]   Client 48 Loss: 10.7018
2026-07-21 08:06:06,677 [INFO]   Client 49 Loss: 8.8553
2026-07-21 08:06:14,477 [INFO]   Client 50 Loss: 9.1989
2026-07-21 08:06:20,160 [INFO]   Client 51 Loss: 9.1446
2026-07-21 08:06:25,771 [INFO]   Client 52 Loss: 9.2442
2026-07-21 08:06:34,054 [INFO]   Client 53 Loss: 8.8614
2026-07-21 08:06:39,323 [INFO]   Client 54 Loss: 9.5132
2026-07-21 08:06:53,884 [INFO]   Client 55 Loss: 8.9487
2026-07-21 08:06:55,338 [INFO]   Client 56 Loss: 10.6343
2026-07-21 08:06:56,164 [INFO]   Client 57 Loss: 12.2345
2026-07-21 08:06:58,614 [INFO]   Client 58 Loss: 10.9780
2026-07-21 08:07:04,666 [INFO]   Client 59 Loss: 9.4047
2026-07-21 08:07:10,921 [INFO]   Client 60 Loss: 9.2996
2026-07-21 08:07:17,989 [INFO]   Client 61 Loss: 9.0528
2026-07-21 08:07:18,939 [INFO]   Client 63 Loss: 11.8865
2026-07-21 08:07:21,927 [INFO]   Client 64 Loss: 9.6579
2026-07-21 08:07:37,559 [INFO]   Client 65 Loss: 8.8781
2026-07-21 08:07:51,704 [INFO]   Client 66 Loss: 8.8993
2026-07-21 08:07:56,279 [INFO]   Client 67 Loss: 9.6070
2026-07-21 08:07:58,998 [INFO]   Client 68 Loss: 9.8633
2026-07-21 08:08:05,749 [INFO]   Client 69 Loss: 9.0582
2026-07-21 08:11:41,756 [INFO] [Task 2 | Round 1/30 | Global 61] Acc: 14.26% | F1-Mac: 7.12% | Loss: 9.7142
2026-07-21 08:11:41,775 [INFO] 
--- Task 2, Round 2/30 (Global 62) ---
2026-07-21 08:11:42,300 [INFO]   Client 0 Loss: 8.8489
2026-07-21 08:11:42,906 [INFO]   Client 1 Loss: 9.7060
2026-07-21 08:11:46,891 [INFO]   Client 2 Loss: 9.0561
2026-07-21 08:11:59,485 [INFO]   Client 3 Loss: 8.6023
2026-07-21 08:12:00,188 [INFO]   Client 4 Loss: 10.0822
2026-07-21 08:12:01,155 [INFO]   Client 5 Loss: 9.3783
2026-07-21 08:12:03,455 [INFO]   Client 6 Loss: 8.6478
2026-07-21 08:12:08,055 [INFO]   Client 7 Loss: 8.9031
2026-07-21 08:12:10,480 [INFO]   Client 8 Loss: 8.8564
2026-07-21 08:12:18,202 [INFO]   Client 9 Loss: 8.4949
2026-07-21 08:12:19,913 [INFO]   Client 10 Loss: 10.5627
2026-07-21 08:12:27,337 [INFO]   Client 11 Loss: 8.8124
2026-07-21 08:12:41,660 [INFO]   Client 12 Loss: 8.5399
2026-07-21 08:12:44,838 [INFO]   Client 13 Loss: 8.8849
2026-07-21 08:12:54,809 [INFO]   Client 14 Loss: 8.6805
2026-07-21 08:13:11,205 [INFO]   Client 15 Loss: 8.6308
2026-07-21 08:13:26,130 [INFO]   Client 16 Loss: 8.5756
2026-07-21 08:13:29,181 [INFO]   Client 17 Loss: 8.9635
2026-07-21 08:13:41,280 [INFO]   Client 18 Loss: 8.7477
2026-07-21 08:13:47,203 [INFO]   Client 19 Loss: 9.0488
2026-07-21 08:13:50,128 [INFO]   Client 20 Loss: 9.5645
2026-07-21 08:13:53,740 [INFO]   Client 21 Loss: 8.9262
2026-07-21 08:14:03,805 [INFO]   Client 22 Loss: 8.7545
2026-07-21 08:14:07,158 [INFO]   Client 24 Loss: 8.8836
2026-07-21 08:14:08,094 [INFO]   Client 25 Loss: 8.9232
2026-07-21 08:14:15,952 [INFO]   Client 26 Loss: 8.4899
2026-07-21 08:14:18,131 [INFO]   Client 27 Loss: 8.8499
2026-07-21 08:14:22,547 [INFO]   Client 28 Loss: 8.9031
2026-07-21 08:14:31,641 [INFO]   Client 29 Loss: 8.7683
2026-07-21 08:14:36,485 [INFO]   Client 30 Loss: 8.7917
2026-07-21 08:14:40,721 [INFO]   Client 31 Loss: 8.8704
2026-07-21 08:14:51,001 [INFO]   Client 33 Loss: 8.3531
2026-07-21 08:14:58,939 [INFO]   Client 34 Loss: 8.7932
2026-07-21 08:15:02,016 [INFO]   Client 35 Loss: 9.0670
2026-07-21 08:15:10,478 [INFO]   Client 36 Loss: 8.8241
2026-07-21 08:15:22,206 [INFO]   Client 37 Loss: 8.7473
2026-07-21 08:15:22,416 [INFO]   Client 38 Loss: 9.2899
2026-07-21 08:15:24,658 [INFO]   Client 40 Loss: 9.1084
2026-07-21 08:15:28,563 [INFO]   Client 41 Loss: 8.8952
2026-07-21 08:15:40,275 [INFO]   Client 42 Loss: 8.4734
2026-07-21 08:15:45,036 [INFO]   Client 43 Loss: 9.0974
2026-07-21 08:15:58,408 [INFO]   Client 44 Loss: 8.1945
2026-07-21 08:16:04,378 [INFO]   Client 45 Loss: 8.8373
2026-07-21 08:16:12,372 [INFO]   Client 46 Loss: 8.8018
2026-07-21 08:16:20,714 [INFO]   Client 47 Loss: 8.6511
2026-07-21 08:16:21,973 [INFO]   Client 48 Loss: 9.1079
2026-07-21 08:16:32,414 [INFO]   Client 49 Loss: 8.4527
2026-07-21 08:16:40,253 [INFO]   Client 50 Loss: 8.7460
2026-07-21 08:16:45,773 [INFO]   Client 51 Loss: 8.6246
2026-07-21 08:16:51,584 [INFO]   Client 52 Loss: 8.5661
2026-07-21 08:16:59,876 [INFO]   Client 53 Loss: 8.4223
2026-07-21 08:17:05,169 [INFO]   Client 54 Loss: 9.0161
2026-07-21 08:17:19,708 [INFO]   Client 55 Loss: 8.5750
2026-07-21 08:17:21,308 [INFO]   Client 56 Loss: 9.6489
2026-07-21 08:17:21,976 [INFO]   Client 57 Loss: 8.8926
2026-07-21 08:17:24,437 [INFO]   Client 58 Loss: 9.4127
2026-07-21 08:17:30,482 [INFO]   Client 59 Loss: 8.8168
2026-07-21 08:17:36,832 [INFO]   Client 60 Loss: 8.7611
2026-07-21 08:17:43,745 [INFO]   Client 61 Loss: 8.4675
2026-07-21 08:17:44,684 [INFO]   Client 63 Loss: 9.3817
2026-07-21 08:17:47,643 [INFO]   Client 64 Loss: 8.7895
2026-07-21 08:18:02,963 [INFO]   Client 65 Loss: 8.6041
2026-07-21 08:18:17,075 [INFO]   Client 66 Loss: 8.5043
2026-07-21 08:18:21,797 [INFO]   Client 67 Loss: 9.0554
2026-07-21 08:18:24,362 [INFO]   Client 68 Loss: 9.3636
2026-07-21 08:18:31,253 [INFO]   Client 69 Loss: 8.5496
2026-07-21 08:22:06,050 [INFO] [Task 2 | Round 2/30 | Global 62] Acc: 13.36% | F1-Mac: 5.25% | Loss: 8.8885
2026-07-21 08:22:06,068 [INFO] 
--- Task 2, Round 3/30 (Global 63) ---
2026-07-21 08:22:06,583 [INFO]   Client 0 Loss: 8.8097
2026-07-21 08:22:07,194 [INFO]   Client 1 Loss: 10.0776
2026-07-21 08:22:11,171 [INFO]   Client 2 Loss: 8.8558
2026-07-21 08:22:23,895 [INFO]   Client 3 Loss: 8.4830
2026-07-21 08:22:24,600 [INFO]   Client 4 Loss: 9.8336
2026-07-21 08:22:25,565 [INFO]   Client 5 Loss: 9.4112
2026-07-21 08:22:27,863 [INFO]   Client 6 Loss: 8.4652
2026-07-21 08:22:32,432 [INFO]   Client 7 Loss: 8.8422
2026-07-21 08:22:34,853 [INFO]   Client 8 Loss: 8.6304
2026-07-21 08:22:42,688 [INFO]   Client 9 Loss: 8.3083
2026-07-21 08:22:44,357 [INFO]   Client 10 Loss: 9.9815
2026-07-21 08:22:51,651 [INFO]   Client 11 Loss: 8.7021
2026-07-21 08:23:05,869 [INFO]   Client 12 Loss: 8.3902
2026-07-21 08:23:08,847 [INFO]   Client 13 Loss: 8.8061
2026-07-21 08:23:18,692 [INFO]   Client 14 Loss: 8.5158
2026-07-21 08:23:35,024 [INFO]   Client 15 Loss: 8.4903
2026-07-21 08:23:50,003 [INFO]   Client 16 Loss: 8.4377
2026-07-21 08:23:53,181 [INFO]   Client 17 Loss: 8.7679
2026-07-21 08:24:05,012 [INFO]   Client 18 Loss: 8.6018
2026-07-21 08:24:10,828 [INFO]   Client 19 Loss: 8.9708
2026-07-21 08:24:13,723 [INFO]   Client 20 Loss: 9.2508
2026-07-21 08:24:17,309 [INFO]   Client 21 Loss: 8.6864
2026-07-21 08:24:27,188 [INFO]   Client 22 Loss: 8.6058
2026-07-21 08:24:30,308 [INFO]   Client 24 Loss: 8.7198
2026-07-21 08:24:31,232 [INFO]   Client 25 Loss: 8.8380
2026-07-21 08:24:39,214 [INFO]   Client 26 Loss: 8.3895
2026-07-21 08:24:41,245 [INFO]   Client 27 Loss: 8.8129
2026-07-21 08:24:45,774 [INFO]   Client 28 Loss: 8.7675
2026-07-21 08:24:54,822 [INFO]   Client 29 Loss: 8.6208
2026-07-21 08:24:59,578 [INFO]   Client 30 Loss: 8.6196
2026-07-21 08:25:03,609 [INFO]   Client 31 Loss: 8.8026
2026-07-21 08:25:13,873 [INFO]   Client 33 Loss: 8.2492
2026-07-21 08:25:21,697 [INFO]   Client 34 Loss: 8.6831
2026-07-21 08:25:24,602 [INFO]   Client 35 Loss: 8.9698
2026-07-21 08:25:33,126 [INFO]   Client 36 Loss: 8.6545
2026-07-21 08:25:44,785 [INFO]   Client 37 Loss: 8.6564
2026-07-21 08:25:44,997 [INFO]   Client 38 Loss: 9.0608
2026-07-21 08:25:47,227 [INFO]   Client 40 Loss: 8.9028
2026-07-21 08:25:51,090 [INFO]   Client 41 Loss: 8.7696
2026-07-21 08:26:02,707 [INFO]   Client 42 Loss: 8.3513
2026-07-21 08:26:07,434 [INFO]   Client 43 Loss: 8.9597
2026-07-21 08:26:20,873 [INFO]   Client 44 Loss: 8.0751
2026-07-21 08:26:26,811 [INFO]   Client 45 Loss: 8.6439
2026-07-21 08:26:34,820 [INFO]   Client 46 Loss: 8.7435
2026-07-21 08:26:43,189 [INFO]   Client 47 Loss: 8.5232
2026-07-21 08:26:44,449 [INFO]   Client 48 Loss: 8.9446
2026-07-21 08:26:54,873 [INFO]   Client 49 Loss: 8.3042
2026-07-21 08:27:02,746 [INFO]   Client 50 Loss: 8.5894
2026-07-21 08:27:08,298 [INFO]   Client 51 Loss: 8.5168
2026-07-21 08:27:14,087 [INFO]   Client 52 Loss: 8.4558
2026-07-21 08:27:22,399 [INFO]   Client 53 Loss: 8.3051
2026-07-21 08:27:27,677 [INFO]   Client 54 Loss: 8.8621
2026-07-21 08:27:42,191 [INFO]   Client 55 Loss: 8.4329
2026-07-21 08:27:43,798 [INFO]   Client 56 Loss: 9.3071
2026-07-21 08:27:44,475 [INFO]   Client 57 Loss: 8.8271
2026-07-21 08:27:46,945 [INFO]   Client 58 Loss: 9.2509
2026-07-21 08:27:52,996 [INFO]   Client 59 Loss: 8.6227
2026-07-21 08:27:59,405 [INFO]   Client 60 Loss: 8.6543
2026-07-21 08:28:06,385 [INFO]   Client 61 Loss: 8.3433
2026-07-21 08:28:07,322 [INFO]   Client 63 Loss: 9.3640
2026-07-21 08:28:10,293 [INFO]   Client 64 Loss: 8.7153
2026-07-21 08:28:25,624 [INFO]   Client 65 Loss: 8.4856
2026-07-21 08:28:39,804 [INFO]   Client 66 Loss: 8.3577
2026-07-21 08:28:44,537 [INFO]   Client 67 Loss: 8.9872
2026-07-21 08:28:47,088 [INFO]   Client 68 Loss: 9.1969
2026-07-21 08:28:53,953 [INFO]   Client 69 Loss: 8.3959
2026-07-21 08:32:30,129 [INFO] [Task 2 | Round 3/30 | Global 63] Acc: 35.76% | F1-Mac: 16.68% | Loss: 8.7524
2026-07-21 08:32:30,148 [INFO] 
--- Task 2, Round 4/30 (Global 64) ---
2026-07-21 08:32:30,681 [INFO]   Client 0 Loss: 8.7880
2026-07-21 08:32:31,295 [INFO]   Client 1 Loss: 10.3029
2026-07-21 08:32:35,257 [INFO]   Client 2 Loss: 8.7577
2026-07-21 08:32:48,056 [INFO]   Client 3 Loss: 8.4053
2026-07-21 08:32:48,765 [INFO]   Client 4 Loss: 9.9014
2026-07-21 08:32:49,730 [INFO]   Client 5 Loss: 9.3946
2026-07-21 08:32:52,004 [INFO]   Client 6 Loss: 8.3536
2026-07-21 08:32:56,535 [INFO]   Client 7 Loss: 8.8047
2026-07-21 08:32:58,949 [INFO]   Client 8 Loss: 8.5156
2026-07-21 08:33:06,737 [INFO]   Client 9 Loss: 8.2185
2026-07-21 08:33:08,438 [INFO]   Client 10 Loss: 9.8031
2026-07-21 08:33:15,734 [INFO]   Client 11 Loss: 8.6047
2026-07-21 08:33:30,049 [INFO]   Client 12 Loss: 8.2681
2026-07-21 08:33:33,047 [INFO]   Client 13 Loss: 8.7643
2026-07-21 08:33:42,909 [INFO]   Client 14 Loss: 8.4135
2026-07-21 08:33:59,249 [INFO]   Client 15 Loss: 8.4030
2026-07-21 08:34:14,100 [INFO]   Client 16 Loss: 8.3421
2026-07-21 08:34:17,300 [INFO]   Client 17 Loss: 8.6701
2026-07-21 08:34:29,110 [INFO]   Client 18 Loss: 8.5103
2026-07-21 08:34:34,913 [INFO]   Client 19 Loss: 8.9005
2026-07-21 08:34:37,823 [INFO]   Client 20 Loss: 9.2244
2026-07-21 08:34:41,370 [INFO]   Client 21 Loss: 8.5700
2026-07-21 08:34:51,211 [INFO]   Client 22 Loss: 8.4968
2026-07-21 08:34:54,348 [INFO]   Client 24 Loss: 8.6233
2026-07-21 08:34:55,270 [INFO]   Client 25 Loss: 8.7460
2026-07-21 08:35:03,197 [INFO]   Client 26 Loss: 8.3034
2026-07-21 08:35:05,202 [INFO]   Client 27 Loss: 8.7808
2026-07-21 08:35:09,714 [INFO]   Client 28 Loss: 8.6438
2026-07-21 08:35:18,797 [INFO]   Client 29 Loss: 8.5012
2026-07-21 08:35:23,561 [INFO]   Client 30 Loss: 8.5052
2026-07-21 08:35:27,624 [INFO]   Client 31 Loss: 8.7519
2026-07-21 08:35:37,879 [INFO]   Client 33 Loss: 8.1724
2026-07-21 08:35:45,723 [INFO]   Client 34 Loss: 8.5864
2026-07-21 08:35:48,632 [INFO]   Client 35 Loss: 8.9042
2026-07-21 08:35:57,183 [INFO]   Client 36 Loss: 8.5484
2026-07-21 08:36:08,775 [INFO]   Client 37 Loss: 8.5644
2026-07-21 08:36:08,988 [INFO]   Client 38 Loss: 8.9646
2026-07-21 08:36:11,219 [INFO]   Client 40 Loss: 8.7683
2026-07-21 08:36:15,092 [INFO]   Client 41 Loss: 8.6719
2026-07-21 08:36:26,698 [INFO]   Client 42 Loss: 8.2339
2026-07-21 08:36:31,424 [INFO]   Client 43 Loss: 8.9101
2026-07-21 08:36:44,785 [INFO]   Client 44 Loss: 7.9926
2026-07-21 08:36:50,741 [INFO]   Client 45 Loss: 8.5662
2026-07-21 08:36:58,746 [INFO]   Client 46 Loss: 8.7079
2026-07-21 08:37:07,099 [INFO]   Client 47 Loss: 8.4446
2026-07-21 08:37:08,353 [INFO]   Client 48 Loss: 8.9094
2026-07-21 08:37:18,715 [INFO]   Client 49 Loss: 8.1904
2026-07-21 08:37:26,544 [INFO]   Client 50 Loss: 8.4676
2026-07-21 08:37:32,067 [INFO]   Client 51 Loss: 8.4327
2026-07-21 08:37:37,849 [INFO]   Client 52 Loss: 8.3631
2026-07-21 08:37:46,150 [INFO]   Client 53 Loss: 8.2431
2026-07-21 08:37:51,436 [INFO]   Client 54 Loss: 8.7470
2026-07-21 08:38:05,998 [INFO]   Client 55 Loss: 8.3400
2026-07-21 08:38:07,614 [INFO]   Client 56 Loss: 9.1790
2026-07-21 08:38:08,284 [INFO]   Client 57 Loss: 8.7986
2026-07-21 08:38:10,740 [INFO]   Client 58 Loss: 9.1712
2026-07-21 08:38:16,758 [INFO]   Client 59 Loss: 8.5088
2026-07-21 08:38:23,113 [INFO]   Client 60 Loss: 8.6104
2026-07-21 08:38:30,037 [INFO]   Client 61 Loss: 8.2589
2026-07-21 08:38:30,976 [INFO]   Client 63 Loss: 9.3328
2026-07-21 08:38:33,959 [INFO]   Client 64 Loss: 8.6295
2026-07-21 08:38:49,309 [INFO]   Client 65 Loss: 8.4049
2026-07-21 08:39:03,492 [INFO]   Client 66 Loss: 8.2456
2026-07-21 08:39:08,249 [INFO]   Client 67 Loss: 8.9177
2026-07-21 08:39:10,809 [INFO]   Client 68 Loss: 9.0565
2026-07-21 08:39:17,693 [INFO]   Client 69 Loss: 8.2664
2026-07-21 08:42:53,839 [INFO] [Task 2 | Round 4/30 | Global 64] Acc: 26.05% | F1-Mac: 13.18% | Loss: 8.6724
2026-07-21 08:42:53,859 [INFO] 
--- Task 2, Round 5/30 (Global 65) ---
2026-07-21 08:42:54,389 [INFO]   Client 0 Loss: 8.7813
2026-07-21 08:42:55,001 [INFO]   Client 1 Loss: 10.6436
2026-07-21 08:42:58,954 [INFO]   Client 2 Loss: 8.6783
2026-07-21 08:43:11,609 [INFO]   Client 3 Loss: 8.3465
2026-07-21 08:43:12,314 [INFO]   Client 4 Loss: 9.9409
2026-07-21 08:43:13,280 [INFO]   Client 5 Loss: 9.5682
2026-07-21 08:43:15,574 [INFO]   Client 6 Loss: 8.2632
2026-07-21 08:43:20,139 [INFO]   Client 7 Loss: 8.7827
2026-07-21 08:43:22,568 [INFO]   Client 8 Loss: 8.4593
2026-07-21 08:43:30,353 [INFO]   Client 9 Loss: 8.1527
2026-07-21 08:43:32,040 [INFO]   Client 10 Loss: 10.1581
2026-07-21 08:43:39,395 [INFO]   Client 11 Loss: 8.5155
2026-07-21 08:43:53,775 [INFO]   Client 12 Loss: 8.1472
2026-07-21 08:43:56,818 [INFO]   Client 13 Loss: 8.7400
2026-07-21 08:44:06,729 [INFO]   Client 14 Loss: 8.3385
2026-07-21 08:44:23,120 [INFO]   Client 15 Loss: 8.3345
2026-07-21 08:44:38,068 [INFO]   Client 16 Loss: 8.2735
2026-07-21 08:44:41,266 [INFO]   Client 17 Loss: 8.6191
2026-07-21 08:44:53,097 [INFO]   Client 18 Loss: 8.4478
2026-07-21 08:44:58,950 [INFO]   Client 19 Loss: 8.7706
2026-07-21 08:45:01,859 [INFO]   Client 20 Loss: 9.1338
2026-07-21 08:45:05,453 [INFO]   Client 21 Loss: 8.4795
2026-07-21 08:45:15,341 [INFO]   Client 22 Loss: 8.3970
2026-07-21 08:45:18,482 [INFO]   Client 24 Loss: 8.5219
2026-07-21 08:45:19,413 [INFO]   Client 25 Loss: 8.6446
2026-07-21 08:45:27,398 [INFO]   Client 26 Loss: 8.2353
2026-07-21 08:45:29,416 [INFO]   Client 27 Loss: 8.7625
2026-07-21 08:45:33,943 [INFO]   Client 28 Loss: 8.5620
2026-07-21 08:45:42,941 [INFO]   Client 29 Loss: 8.3997
2026-07-21 08:45:47,700 [INFO]   Client 30 Loss: 8.4249
2026-07-21 08:45:51,719 [INFO]   Client 31 Loss: 8.7278
2026-07-21 08:46:01,972 [INFO]   Client 33 Loss: 8.1235
2026-07-21 08:46:09,803 [INFO]   Client 34 Loss: 8.4180
2026-07-21 08:46:12,709 [INFO]   Client 35 Loss: 8.8296
2026-07-21 08:46:21,314 [INFO]   Client 36 Loss: 8.4760
2026-07-21 08:46:32,981 [INFO]   Client 37 Loss: 8.4828
2026-07-21 08:46:33,195 [INFO]   Client 38 Loss: 8.8845
2026-07-21 08:46:35,443 [INFO]   Client 40 Loss: 8.6661
2026-07-21 08:46:39,339 [INFO]   Client 41 Loss: 8.5814
2026-07-21 08:46:50,962 [INFO]   Client 42 Loss: 8.1342
2026-07-21 08:46:55,683 [INFO]   Client 43 Loss: 8.8625
2026-07-21 08:47:09,124 [INFO]   Client 44 Loss: 7.9291
2026-07-21 08:47:15,068 [INFO]   Client 45 Loss: 8.5143
2026-07-21 08:47:23,016 [INFO]   Client 46 Loss: 8.6772
2026-07-21 08:47:31,380 [INFO]   Client 47 Loss: 8.3806
2026-07-21 08:47:32,638 [INFO]   Client 48 Loss: 8.8582
2026-07-21 08:47:43,053 [INFO]   Client 49 Loss: 8.0991
2026-07-21 08:47:50,907 [INFO]   Client 50 Loss: 8.3593
2026-07-21 08:47:56,451 [INFO]   Client 51 Loss: 8.3610
2026-07-21 08:48:02,243 [INFO]   Client 52 Loss: 8.2778
2026-07-21 08:48:10,565 [INFO]   Client 53 Loss: 8.1859
2026-07-21 08:48:15,827 [INFO]   Client 54 Loss: 8.6811
2026-07-21 08:48:30,368 [INFO]   Client 55 Loss: 8.2723
2026-07-21 08:48:31,982 [INFO]   Client 56 Loss: 9.0389
2026-07-21 08:48:32,659 [INFO]   Client 57 Loss: 8.7872
2026-07-21 08:48:35,119 [INFO]   Client 58 Loss: 9.0829
2026-07-21 08:48:41,207 [INFO]   Client 59 Loss: 8.4293
2026-07-21 08:48:47,595 [INFO]   Client 60 Loss: 8.5646
2026-07-21 08:48:54,513 [INFO]   Client 61 Loss: 8.1885
2026-07-21 08:48:55,451 [INFO]   Client 63 Loss: 9.4989
2026-07-21 08:48:58,457 [INFO]   Client 64 Loss: 8.5511
2026-07-21 08:49:13,846 [INFO]   Client 65 Loss: 8.3215
2026-07-21 08:49:27,999 [INFO]   Client 66 Loss: 8.1194
2026-07-21 08:49:32,742 [INFO]   Client 67 Loss: 8.8204
2026-07-21 08:49:35,295 [INFO]   Client 68 Loss: 8.9732
2026-07-21 08:49:42,178 [INFO]   Client 69 Loss: 8.1676
2026-07-21 08:53:20,151 [INFO] [Task 2 | Round 5/30 | Global 65] Acc: 26.06% | F1-Mac: 14.43% | Loss: 8.6189
2026-07-21 08:53:20,171 [INFO] 
--- Task 2, Round 6/30 (Global 66) ---
2026-07-21 08:53:20,711 [INFO]   Client 0 Loss: 8.7584
2026-07-21 08:53:21,322 [INFO]   Client 1 Loss: 10.9727
2026-07-21 08:53:25,273 [INFO]   Client 2 Loss: 8.6131
2026-07-21 08:53:37,947 [INFO]   Client 3 Loss: 8.2392
2026-07-21 08:53:38,652 [INFO]   Client 4 Loss: 9.9229
2026-07-21 08:53:39,615 [INFO]   Client 5 Loss: 9.5450
2026-07-21 08:53:41,884 [INFO]   Client 6 Loss: 8.2069
2026-07-21 08:53:46,466 [INFO]   Client 7 Loss: 8.7569
2026-07-21 08:53:48,893 [INFO]   Client 8 Loss: 8.4093
2026-07-21 08:53:56,718 [INFO]   Client 9 Loss: 8.1121
2026-07-21 08:53:58,406 [INFO]   Client 10 Loss: 9.6094
2026-07-21 08:54:05,756 [INFO]   Client 11 Loss: 8.3376
2026-07-21 08:54:20,168 [INFO]   Client 12 Loss: 8.0187
2026-07-21 08:54:23,175 [INFO]   Client 13 Loss: 8.7082
2026-07-21 08:54:33,051 [INFO]   Client 14 Loss: 8.2783
2026-07-21 08:54:49,320 [INFO]   Client 15 Loss: 8.2080
2026-07-21 08:55:04,076 [INFO]   Client 16 Loss: 8.1875
2026-07-21 08:55:07,282 [INFO]   Client 17 Loss: 8.5864
2026-07-21 08:55:19,116 [INFO]   Client 18 Loss: 8.3360
2026-07-21 08:55:24,973 [INFO]   Client 19 Loss: 8.5443
2026-07-21 08:55:27,892 [INFO]   Client 20 Loss: 9.1380
2026-07-21 08:55:31,465 [INFO]   Client 21 Loss: 8.4115
2026-07-21 08:55:41,442 [INFO]   Client 22 Loss: 8.2632
2026-07-21 08:55:44,610 [INFO]   Client 24 Loss: 8.4545
2026-07-21 08:55:45,556 [INFO]   Client 25 Loss: 8.5455
2026-07-21 08:55:53,604 [INFO]   Client 26 Loss: 8.1906
2026-07-21 08:55:55,637 [INFO]   Client 27 Loss: 8.7355
2026-07-21 08:56:00,224 [INFO]   Client 28 Loss: 8.4172
2026-07-21 08:56:09,375 [INFO]   Client 29 Loss: 8.2725
2026-07-21 08:56:14,173 [INFO]   Client 30 Loss: 8.3547
2026-07-21 08:56:18,254 [INFO]   Client 31 Loss: 8.6963
2026-07-21 08:56:28,591 [INFO]   Client 33 Loss: 8.0869
2026-07-21 08:56:36,497 [INFO]   Client 34 Loss: 8.2395
2026-07-21 08:56:39,403 [INFO]   Client 35 Loss: 8.6024
2026-07-21 08:56:48,001 [INFO]   Client 36 Loss: 8.4097
2026-07-21 08:56:59,720 [INFO]   Client 37 Loss: 8.3686
2026-07-21 08:56:59,935 [INFO]   Client 38 Loss: 8.8267
2026-07-21 08:57:02,162 [INFO]   Client 40 Loss: 8.5921
2026-07-21 08:57:06,038 [INFO]   Client 41 Loss: 8.4711
2026-07-21 08:57:17,684 [INFO]   Client 42 Loss: 8.0613
2026-07-21 08:57:22,393 [INFO]   Client 43 Loss: 8.8292
2026-07-21 08:57:35,767 [INFO]   Client 44 Loss: 7.8860
2026-07-21 08:57:41,766 [INFO]   Client 45 Loss: 8.4621
2026-07-21 08:57:49,790 [INFO]   Client 46 Loss: 8.6546
2026-07-21 08:57:58,157 [INFO]   Client 47 Loss: 8.2325
2026-07-21 08:57:59,422 [INFO]   Client 48 Loss: 8.7888
2026-07-21 08:58:09,910 [INFO]   Client 49 Loss: 8.0388
2026-07-21 08:58:17,773 [INFO]   Client 50 Loss: 8.2357
2026-07-21 08:58:23,279 [INFO]   Client 51 Loss: 8.3142
2026-07-21 08:58:29,091 [INFO]   Client 52 Loss: 8.2380
2026-07-21 08:58:37,343 [INFO]   Client 53 Loss: 8.1434
2026-07-21 08:58:42,626 [INFO]   Client 54 Loss: 8.6276
2026-07-21 08:58:57,174 [INFO]   Client 55 Loss: 8.1991
2026-07-21 08:58:58,776 [INFO]   Client 56 Loss: 8.9728
2026-07-21 08:58:59,445 [INFO]   Client 57 Loss: 8.7704
2026-07-21 08:59:01,899 [INFO]   Client 58 Loss: 8.9626
2026-07-21 08:59:07,951 [INFO]   Client 59 Loss: 8.3582
2026-07-21 08:59:14,300 [INFO]   Client 60 Loss: 8.5326
2026-07-21 08:59:21,236 [INFO]   Client 61 Loss: 8.1443
2026-07-21 08:59:22,171 [INFO]   Client 63 Loss: 9.3564
2026-07-21 08:59:25,156 [INFO]   Client 64 Loss: 8.4793
2026-07-21 08:59:40,594 [INFO]   Client 65 Loss: 8.2205
2026-07-21 08:59:54,707 [INFO]   Client 66 Loss: 7.9936
2026-07-21 08:59:59,429 [INFO]   Client 67 Loss: 8.5802
2026-07-21 09:00:01,979 [INFO]   Client 68 Loss: 8.9296
2026-07-21 09:00:08,901 [INFO]   Client 69 Loss: 8.0877
2026-07-21 09:03:44,402 [INFO] [Task 2 | Round 6/30 | Global 66] Acc: 25.92% | F1-Mac: 13.34% | Loss: 8.5383
2026-07-21 09:03:44,420 [INFO] 
--- Task 2, Round 7/30 (Global 67) ---
2026-07-21 09:03:44,967 [INFO]   Client 0 Loss: 8.7336
2026-07-21 09:03:45,575 [INFO]   Client 1 Loss: 11.3559
2026-07-21 09:03:49,544 [INFO]   Client 2 Loss: 8.4509
2026-07-21 09:04:02,183 [INFO]   Client 3 Loss: 8.0664
2026-07-21 09:04:02,893 [INFO]   Client 4 Loss: 9.9347
2026-07-21 09:04:03,859 [INFO]   Client 5 Loss: 9.6087
2026-07-21 09:04:06,132 [INFO]   Client 6 Loss: 8.1593
2026-07-21 09:04:10,694 [INFO]   Client 7 Loss: 8.7325
2026-07-21 09:04:13,108 [INFO]   Client 8 Loss: 8.3836
2026-07-21 09:04:20,867 [INFO]   Client 9 Loss: 8.0798
2026-07-21 09:04:22,547 [INFO]   Client 10 Loss: 9.3280
2026-07-21 09:04:29,860 [INFO]   Client 11 Loss: 8.2228
2026-07-21 09:04:44,204 [INFO]   Client 12 Loss: 7.9212
2026-07-21 09:04:47,228 [INFO]   Client 13 Loss: 8.6865
2026-07-21 09:04:57,038 [INFO]   Client 14 Loss: 8.1226
2026-07-21 09:05:13,316 [INFO]   Client 15 Loss: 8.0335
2026-07-21 09:05:28,138 [INFO]   Client 16 Loss: 7.9599
2026-07-21 09:05:31,314 [INFO]   Client 17 Loss: 8.5598
2026-07-21 09:05:43,128 [INFO]   Client 18 Loss: 8.1483
2026-07-21 09:05:48,955 [INFO]   Client 19 Loss: 8.4233
2026-07-21 09:05:51,866 [INFO]   Client 20 Loss: 9.0245
2026-07-21 09:05:55,410 [INFO]   Client 21 Loss: 8.2747
2026-07-21 09:06:05,331 [INFO]   Client 22 Loss: 8.1437
2026-07-21 09:06:08,505 [INFO]   Client 24 Loss: 8.3057
2026-07-21 09:06:09,438 [INFO]   Client 25 Loss: 8.5109
2026-07-21 09:06:17,415 [INFO]   Client 26 Loss: 8.1569
2026-07-21 09:06:19,439 [INFO]   Client 27 Loss: 8.7282
2026-07-21 09:06:23,970 [INFO]   Client 28 Loss: 8.2290
2026-07-21 09:06:33,004 [INFO]   Client 29 Loss: 8.1423
2026-07-21 09:06:37,796 [INFO]   Client 30 Loss: 8.3017
2026-07-21 09:06:41,834 [INFO]   Client 31 Loss: 8.6689
2026-07-21 09:06:52,079 [INFO]   Client 33 Loss: 8.0545
2026-07-21 09:06:59,939 [INFO]   Client 34 Loss: 8.1243
2026-07-21 09:07:02,792 [INFO]   Client 35 Loss: 8.4180
2026-07-21 09:07:11,333 [INFO]   Client 36 Loss: 8.2555
2026-07-21 09:07:23,000 [INFO]   Client 37 Loss: 8.1883
2026-07-21 09:07:23,214 [INFO]   Client 38 Loss: 8.7802
2026-07-21 09:07:25,445 [INFO]   Client 40 Loss: 8.4496
2026-07-21 09:07:29,361 [INFO]   Client 41 Loss: 8.3022
2026-07-21 09:07:41,026 [INFO]   Client 42 Loss: 8.0168
2026-07-21 09:07:45,753 [INFO]   Client 43 Loss: 8.6128
2026-07-21 09:07:59,154 [INFO]   Client 44 Loss: 7.8519
2026-07-21 09:08:05,105 [INFO]   Client 45 Loss: 8.2424
2026-07-21 09:08:13,088 [INFO]   Client 46 Loss: 8.6382
2026-07-21 09:08:21,412 [INFO]   Client 47 Loss: 8.0457
2026-07-21 09:08:22,663 [INFO]   Client 48 Loss: 8.6062
2026-07-21 09:08:33,047 [INFO]   Client 49 Loss: 7.9949
2026-07-21 09:08:40,867 [INFO]   Client 50 Loss: 8.1000
2026-07-21 09:08:46,427 [INFO]   Client 51 Loss: 8.2872
2026-07-21 09:08:52,185 [INFO]   Client 52 Loss: 8.1894
2026-07-21 09:09:00,485 [INFO]   Client 53 Loss: 8.1281
2026-07-21 09:09:05,759 [INFO]   Client 54 Loss: 8.4117
2026-07-21 09:09:20,430 [INFO]   Client 55 Loss: 8.0444
2026-07-21 09:09:22,036 [INFO]   Client 56 Loss: 8.8784
2026-07-21 09:09:22,709 [INFO]   Client 57 Loss: 8.7325
2026-07-21 09:09:25,184 [INFO]   Client 58 Loss: 8.8317
2026-07-21 09:09:31,264 [INFO]   Client 59 Loss: 8.1632
2026-07-21 09:09:37,652 [INFO]   Client 60 Loss: 8.5160
2026-07-21 09:09:44,568 [INFO]   Client 61 Loss: 8.1137
2026-07-21 09:09:45,508 [INFO]   Client 63 Loss: 9.3386
2026-07-21 09:09:48,509 [INFO]   Client 64 Loss: 8.4082
2026-07-21 09:10:03,811 [INFO]   Client 65 Loss: 8.0431
2026-07-21 09:10:17,945 [INFO]   Client 66 Loss: 7.8930
2026-07-21 09:10:22,663 [INFO]   Client 67 Loss: 8.4280
2026-07-21 09:10:25,227 [INFO]   Client 68 Loss: 8.8650
2026-07-21 09:10:32,111 [INFO]   Client 69 Loss: 8.0514
2026-07-21 09:14:07,536 [INFO] [Task 2 | Round 7/30 | Global 67] Acc: 27.53% | F1-Mac: 13.75% | Loss: 8.4455
2026-07-21 09:14:07,555 [INFO] 
--- Task 2, Round 8/30 (Global 68) ---
2026-07-21 09:14:08,091 [INFO]   Client 0 Loss: 8.7036
2026-07-21 09:14:08,698 [INFO]   Client 1 Loss: 11.5385
2026-07-21 09:14:12,628 [INFO]   Client 2 Loss: 8.2818
2026-07-21 09:14:25,252 [INFO]   Client 3 Loss: 7.9891
2026-07-21 09:14:25,955 [INFO]   Client 4 Loss: 9.8743
2026-07-21 09:14:26,919 [INFO]   Client 5 Loss: 9.7047
2026-07-21 09:14:29,206 [INFO]   Client 6 Loss: 8.1512
2026-07-21 09:14:33,761 [INFO]   Client 7 Loss: 8.7155
2026-07-21 09:14:36,200 [INFO]   Client 8 Loss: 8.3656
2026-07-21 09:14:43,984 [INFO]   Client 9 Loss: 8.0530
2026-07-21 09:14:45,672 [INFO]   Client 10 Loss: 9.6141
2026-07-21 09:14:52,985 [INFO]   Client 11 Loss: 8.1663
2026-07-21 09:15:07,342 [INFO]   Client 12 Loss: 7.8684
2026-07-21 09:15:10,336 [INFO]   Client 13 Loss: 8.6639
2026-07-21 09:15:20,162 [INFO]   Client 14 Loss: 8.0416
2026-07-21 09:15:36,389 [INFO]   Client 15 Loss: 7.9746
2026-07-21 09:15:51,153 [INFO]   Client 16 Loss: 7.8794
2026-07-21 09:15:54,341 [INFO]   Client 17 Loss: 8.5418
2026-07-21 09:16:06,181 [INFO]   Client 18 Loss: 8.0638
2026-07-21 09:16:12,028 [INFO]   Client 19 Loss: 8.3681
2026-07-21 09:16:14,933 [INFO]   Client 20 Loss: 8.9747
2026-07-21 09:16:18,511 [INFO]   Client 21 Loss: 8.1192
2026-07-21 09:16:28,418 [INFO]   Client 22 Loss: 8.0668
2026-07-21 09:16:31,557 [INFO]   Client 24 Loss: 8.1921
2026-07-21 09:16:32,488 [INFO]   Client 25 Loss: 8.4709
2026-07-21 09:16:40,538 [INFO]   Client 26 Loss: 8.1288
2026-07-21 09:16:42,555 [INFO]   Client 27 Loss: 8.7024
2026-07-21 09:16:47,120 [INFO]   Client 28 Loss: 8.1301
2026-07-21 09:16:56,182 [INFO]   Client 29 Loss: 8.0757
2026-07-21 09:17:00,958 [INFO]   Client 30 Loss: 8.2629
2026-07-21 09:17:05,003 [INFO]   Client 31 Loss: 8.6596
2026-07-21 09:17:15,260 [INFO]   Client 33 Loss: 8.0308
2026-07-21 09:17:23,073 [INFO]   Client 34 Loss: 8.0546
2026-07-21 09:17:25,951 [INFO]   Client 35 Loss: 8.3393
2026-07-21 09:17:34,541 [INFO]   Client 36 Loss: 8.1438
2026-07-21 09:17:46,208 [INFO]   Client 37 Loss: 8.1362
2026-07-21 09:17:46,417 [INFO]   Client 38 Loss: 8.7457
2026-07-21 09:17:48,637 [INFO]   Client 40 Loss: 8.2900
2026-07-21 09:17:52,525 [INFO]   Client 41 Loss: 8.2245
2026-07-21 09:18:04,199 [INFO]   Client 42 Loss: 7.9833
2026-07-21 09:18:08,919 [INFO]   Client 43 Loss: 8.4512
2026-07-21 09:18:22,266 [INFO]   Client 44 Loss: 7.8300
2026-07-21 09:18:28,231 [INFO]   Client 45 Loss: 8.1298
2026-07-21 09:18:36,226 [INFO]   Client 46 Loss: 8.6164
2026-07-21 09:18:44,544 [INFO]   Client 47 Loss: 7.9663
2026-07-21 09:18:45,783 [INFO]   Client 48 Loss: 8.4433
2026-07-21 09:18:56,120 [INFO]   Client 49 Loss: 7.9707
2026-07-21 09:19:03,882 [INFO]   Client 50 Loss: 8.0306
2026-07-21 09:19:09,404 [INFO]   Client 51 Loss: 8.2715
2026-07-21 09:19:15,127 [INFO]   Client 52 Loss: 8.1658
2026-07-21 09:19:23,415 [INFO]   Client 53 Loss: 8.0889
2026-07-21 09:19:28,713 [INFO]   Client 54 Loss: 8.2896
2026-07-21 09:19:43,310 [INFO]   Client 55 Loss: 7.9830
2026-07-21 09:19:44,913 [INFO]   Client 56 Loss: 8.8435
2026-07-21 09:19:45,589 [INFO]   Client 57 Loss: 8.7493
2026-07-21 09:19:48,073 [INFO]   Client 58 Loss: 8.6999
2026-07-21 09:19:54,096 [INFO]   Client 59 Loss: 8.0357
2026-07-21 09:20:00,478 [INFO]   Client 60 Loss: 8.4781
2026-07-21 09:20:07,469 [INFO]   Client 61 Loss: 8.0889
2026-07-21 09:20:08,412 [INFO]   Client 63 Loss: 9.3551
2026-07-21 09:20:11,413 [INFO]   Client 64 Loss: 8.3852
2026-07-21 09:20:26,792 [INFO]   Client 65 Loss: 7.9742
2026-07-21 09:20:40,927 [INFO]   Client 66 Loss: 7.8380
2026-07-21 09:20:45,649 [INFO]   Client 67 Loss: 8.3632
2026-07-21 09:20:48,225 [INFO]   Client 68 Loss: 8.8295
2026-07-21 09:20:55,099 [INFO]   Client 69 Loss: 8.0229
2026-07-21 09:24:31,189 [INFO] [Task 2 | Round 8/30 | Global 68] Acc: 27.54% | F1-Mac: 13.89% | Loss: 8.3968
2026-07-21 09:24:31,208 [INFO] 
--- Task 2, Round 9/30 (Global 69) ---
2026-07-21 09:24:31,753 [INFO]   Client 0 Loss: 8.7428
2026-07-21 09:24:32,361 [INFO]   Client 1 Loss: 11.6761
2026-07-21 09:24:36,301 [INFO]   Client 2 Loss: 8.1875
2026-07-21 09:24:48,929 [INFO]   Client 3 Loss: 7.9542
2026-07-21 09:24:49,641 [INFO]   Client 4 Loss: 9.7950
2026-07-21 09:24:50,595 [INFO]   Client 5 Loss: 9.7650
2026-07-21 09:24:52,867 [INFO]   Client 6 Loss: 8.1199
2026-07-21 09:24:57,432 [INFO]   Client 7 Loss: 8.7195
2026-07-21 09:24:59,854 [INFO]   Client 8 Loss: 8.3220
2026-07-21 09:25:07,651 [INFO]   Client 9 Loss: 8.0181
2026-07-21 09:25:09,343 [INFO]   Client 10 Loss: 9.2787
2026-07-21 09:25:16,723 [INFO]   Client 11 Loss: 8.1238
2026-07-21 09:25:31,049 [INFO]   Client 12 Loss: 7.8278
2026-07-21 09:25:34,065 [INFO]   Client 13 Loss: 8.6529
2026-07-21 09:25:43,950 [INFO]   Client 14 Loss: 7.9955
2026-07-21 09:26:00,300 [INFO]   Client 15 Loss: 7.9310
2026-07-21 09:26:15,117 [INFO]   Client 16 Loss: 7.8433
2026-07-21 09:26:18,308 [INFO]   Client 17 Loss: 8.5484
2026-07-21 09:26:30,116 [INFO]   Client 18 Loss: 8.0246
2026-07-21 09:26:35,975 [INFO]   Client 19 Loss: 8.3487
2026-07-21 09:26:38,896 [INFO]   Client 20 Loss: 8.9214
2026-07-21 09:26:42,484 [INFO]   Client 21 Loss: 8.0242
2026-07-21 09:26:52,491 [INFO]   Client 22 Loss: 8.0286
2026-07-21 09:26:55,644 [INFO]   Client 24 Loss: 8.1386
2026-07-21 09:26:56,592 [INFO]   Client 25 Loss: 8.4462
2026-07-21 09:27:04,621 [INFO]   Client 26 Loss: 8.1011
2026-07-21 09:27:06,649 [INFO]   Client 27 Loss: 8.7135
2026-07-21 09:27:11,148 [INFO]   Client 28 Loss: 8.0638
2026-07-21 09:27:20,194 [INFO]   Client 29 Loss: 8.0247
2026-07-21 09:27:24,945 [INFO]   Client 30 Loss: 8.2448
2026-07-21 09:27:29,026 [INFO]   Client 31 Loss: 8.6485
2026-07-21 09:27:39,305 [INFO]   Client 33 Loss: 8.0173
2026-07-21 09:27:47,147 [INFO]   Client 34 Loss: 8.0171
2026-07-21 09:27:50,013 [INFO]   Client 35 Loss: 8.3045
2026-07-21 09:27:58,581 [INFO]   Client 36 Loss: 8.0861
2026-07-21 09:28:10,294 [INFO]   Client 37 Loss: 8.0695
2026-07-21 09:28:10,509 [INFO]   Client 38 Loss: 8.7311
2026-07-21 09:28:12,753 [INFO]   Client 40 Loss: 8.1922
2026-07-21 09:28:16,626 [INFO]   Client 41 Loss: 8.1806
2026-07-21 09:28:28,272 [INFO]   Client 42 Loss: 7.9602
2026-07-21 09:28:33,002 [INFO]   Client 43 Loss: 8.3853
2026-07-21 09:28:46,355 [INFO]   Client 44 Loss: 7.8117
2026-07-21 09:28:52,294 [INFO]   Client 45 Loss: 8.0595
2026-07-21 09:29:00,308 [INFO]   Client 46 Loss: 8.6017
2026-07-21 09:29:08,715 [INFO]   Client 47 Loss: 7.9285
2026-07-21 09:29:09,951 [INFO]   Client 48 Loss: 8.3858
2026-07-21 09:29:20,338 [INFO]   Client 49 Loss: 7.9477
2026-07-21 09:29:28,157 [INFO]   Client 50 Loss: 7.9799
2026-07-21 09:29:33,673 [INFO]   Client 51 Loss: 8.2574
2026-07-21 09:29:39,431 [INFO]   Client 52 Loss: 8.1484
2026-07-21 09:29:47,704 [INFO]   Client 53 Loss: 8.0708
2026-07-21 09:29:52,977 [INFO]   Client 54 Loss: 8.2416
2026-07-21 09:30:07,541 [INFO]   Client 55 Loss: 7.9363
2026-07-21 09:30:09,145 [INFO]   Client 56 Loss: 8.8080
2026-07-21 09:30:09,813 [INFO]   Client 57 Loss: 8.7357
2026-07-21 09:30:12,274 [INFO]   Client 58 Loss: 8.6561
2026-07-21 09:30:18,311 [INFO]   Client 59 Loss: 7.9451
2026-07-21 09:30:24,653 [INFO]   Client 60 Loss: 8.4683
2026-07-21 09:30:31,569 [INFO]   Client 61 Loss: 8.0739
2026-07-21 09:30:32,507 [INFO]   Client 63 Loss: 9.3072
2026-07-21 09:30:35,501 [INFO]   Client 64 Loss: 8.3512
2026-07-21 09:30:50,878 [INFO]   Client 65 Loss: 7.9376
2026-07-21 09:31:05,011 [INFO]   Client 66 Loss: 7.8007
2026-07-21 09:31:09,736 [INFO]   Client 67 Loss: 8.3511
2026-07-21 09:31:12,294 [INFO]   Client 68 Loss: 8.8040
2026-07-21 09:31:19,212 [INFO]   Client 69 Loss: 7.9890
2026-07-21 09:34:54,673 [INFO] [Task 2 | Round 9/30 | Global 69] Acc: 27.53% | F1-Mac: 13.60% | Loss: 8.3602
2026-07-21 09:34:54,693 [INFO] 
--- Task 2, Round 10/30 (Global 70) ---
2026-07-21 09:34:55,211 [INFO]   Client 0 Loss: 8.7057
2026-07-21 09:34:55,821 [INFO]   Client 1 Loss: 11.6450
2026-07-21 09:34:59,794 [INFO]   Client 2 Loss: 8.1310
2026-07-21 09:35:12,423 [INFO]   Client 3 Loss: 7.9108
2026-07-21 09:35:13,122 [INFO]   Client 4 Loss: 9.8523
2026-07-21 09:35:14,087 [INFO]   Client 5 Loss: 9.8419
2026-07-21 09:35:16,368 [INFO]   Client 6 Loss: 8.1143
2026-07-21 09:35:20,939 [INFO]   Client 7 Loss: 8.7105
2026-07-21 09:35:23,366 [INFO]   Client 8 Loss: 8.3294
2026-07-21 09:35:31,192 [INFO]   Client 9 Loss: 8.0010
2026-07-21 09:35:32,879 [INFO]   Client 10 Loss: 9.3757
2026-07-21 09:35:40,238 [INFO]   Client 11 Loss: 8.0808
2026-07-21 09:35:54,591 [INFO]   Client 12 Loss: 7.7922
2026-07-21 09:35:57,612 [INFO]   Client 13 Loss: 8.6432
2026-07-21 09:36:07,479 [INFO]   Client 14 Loss: 7.9551
2026-07-21 09:36:23,747 [INFO]   Client 15 Loss: 7.9095
2026-07-21 09:36:38,521 [INFO]   Client 16 Loss: 7.8064
2026-07-21 09:36:41,712 [INFO]   Client 17 Loss: 8.5123
2026-07-21 09:36:53,570 [INFO]   Client 18 Loss: 7.9909
2026-07-21 09:36:59,455 [INFO]   Client 19 Loss: 8.3205
2026-07-21 09:37:02,360 [INFO]   Client 20 Loss: 8.9319
2026-07-21 09:37:05,920 [INFO]   Client 21 Loss: 7.9652
2026-07-21 09:37:15,781 [INFO]   Client 22 Loss: 7.9953
2026-07-21 09:37:18,923 [INFO]   Client 24 Loss: 8.0795
2026-07-21 09:37:19,851 [INFO]   Client 25 Loss: 8.4004
2026-07-21 09:37:27,781 [INFO]   Client 26 Loss: 8.0893
2026-07-21 09:37:29,795 [INFO]   Client 27 Loss: 8.6948
2026-07-21 09:37:34,301 [INFO]   Client 28 Loss: 8.0352
2026-07-21 09:37:43,366 [INFO]   Client 29 Loss: 7.9908
2026-07-21 09:37:48,166 [INFO]   Client 30 Loss: 8.2141
2026-07-21 09:37:52,214 [INFO]   Client 31 Loss: 8.6325
2026-07-21 09:38:02,478 [INFO]   Client 33 Loss: 8.0040
2026-07-21 09:38:10,315 [INFO]   Client 34 Loss: 7.9941
2026-07-21 09:38:13,198 [INFO]   Client 35 Loss: 8.2791
2026-07-21 09:38:21,776 [INFO]   Client 36 Loss: 8.0373
2026-07-21 09:38:33,482 [INFO]   Client 37 Loss: 8.0348
2026-07-21 09:38:33,697 [INFO]   Client 38 Loss: 8.7712
2026-07-21 09:38:35,934 [INFO]   Client 40 Loss: 8.1391
2026-07-21 09:38:39,797 [INFO]   Client 41 Loss: 8.1336
2026-07-21 09:38:51,454 [INFO]   Client 42 Loss: 7.9295
2026-07-21 09:38:56,180 [INFO]   Client 43 Loss: 8.3440
2026-07-21 09:39:09,520 [INFO]   Client 44 Loss: 7.7973
2026-07-21 09:39:15,459 [INFO]   Client 45 Loss: 8.0273
2026-07-21 09:39:23,394 [INFO]   Client 46 Loss: 8.5931
2026-07-21 09:39:31,711 [INFO]   Client 47 Loss: 7.8977
2026-07-21 09:39:32,954 [INFO]   Client 48 Loss: 8.3679
2026-07-21 09:39:43,329 [INFO]   Client 49 Loss: 7.9232
2026-07-21 09:39:51,186 [INFO]   Client 50 Loss: 7.9452
2026-07-21 09:39:56,725 [INFO]   Client 51 Loss: 8.2310
2026-07-21 09:40:02,523 [INFO]   Client 52 Loss: 8.1281
2026-07-21 09:40:10,823 [INFO]   Client 53 Loss: 8.0656
2026-07-21 09:40:16,120 [INFO]   Client 54 Loss: 8.1977
2026-07-21 09:40:30,647 [INFO]   Client 55 Loss: 7.9072
2026-07-21 09:40:32,256 [INFO]   Client 56 Loss: 8.8231
2026-07-21 09:40:32,931 [INFO]   Client 57 Loss: 8.7314
2026-07-21 09:40:35,398 [INFO]   Client 58 Loss: 8.5759
2026-07-21 09:40:41,410 [INFO]   Client 59 Loss: 7.9078
2026-07-21 09:40:47,755 [INFO]   Client 60 Loss: 8.4528
2026-07-21 09:40:54,660 [INFO]   Client 61 Loss: 8.0549
2026-07-21 09:40:55,594 [INFO]   Client 63 Loss: 9.3558
2026-07-21 09:40:58,576 [INFO]   Client 64 Loss: 8.3336
2026-07-21 09:41:14,026 [INFO]   Client 65 Loss: 7.9157
2026-07-21 09:41:28,253 [INFO]   Client 66 Loss: 7.7715
2026-07-21 09:41:32,995 [INFO]   Client 67 Loss: 8.3303
2026-07-21 09:41:35,552 [INFO]   Client 68 Loss: 8.7899
2026-07-21 09:41:42,452 [INFO]   Client 69 Loss: 7.9705
2026-07-21 09:45:19,009 [INFO] [Task 2 | Round 10/30 | Global 70] Acc: 27.61% | F1-Mac: 14.11% | Loss: 8.3397
2026-07-21 09:45:19,028 [INFO] 
--- Task 2, Round 11/30 (Global 71) ---
2026-07-21 09:45:19,537 [INFO]   Client 0 Loss: 8.6948
2026-07-21 09:45:20,141 [INFO]   Client 1 Loss: 11.6480
2026-07-21 09:45:24,083 [INFO]   Client 2 Loss: 8.0852
2026-07-21 09:45:36,630 [INFO]   Client 3 Loss: 7.8876
2026-07-21 09:45:37,333 [INFO]   Client 4 Loss: 10.0018
2026-07-21 09:45:38,284 [INFO]   Client 5 Loss: 9.9034
2026-07-21 09:45:40,575 [INFO]   Client 6 Loss: 8.0779
2026-07-21 09:45:45,125 [INFO]   Client 7 Loss: 8.7153
2026-07-21 09:45:47,586 [INFO]   Client 8 Loss: 8.3122
2026-07-21 09:45:55,368 [INFO]   Client 9 Loss: 7.9903
2026-07-21 09:45:57,063 [INFO]   Client 10 Loss: 9.0969
2026-07-21 09:46:04,368 [INFO]   Client 11 Loss: 8.0510
2026-07-21 09:46:18,706 [INFO]   Client 12 Loss: 7.7712
2026-07-21 09:46:21,709 [INFO]   Client 13 Loss: 8.6327
2026-07-21 09:46:31,572 [INFO]   Client 14 Loss: 7.9246
2026-07-21 09:46:47,840 [INFO]   Client 15 Loss: 7.8859
2026-07-21 09:47:02,643 [INFO]   Client 16 Loss: 7.7829
2026-07-21 09:47:05,821 [INFO]   Client 17 Loss: 8.5079
2026-07-21 09:47:17,618 [INFO]   Client 18 Loss: 7.9481
2026-07-21 09:47:23,426 [INFO]   Client 19 Loss: 8.3051
2026-07-21 09:47:26,326 [INFO]   Client 20 Loss: 8.9360
2026-07-21 09:47:29,886 [INFO]   Client 21 Loss: 7.9086
2026-07-21 09:47:39,836 [INFO]   Client 22 Loss: 7.9565
2026-07-21 09:47:42,975 [INFO]   Client 24 Loss: 8.0536
2026-07-21 09:47:43,903 [INFO]   Client 25 Loss: 8.4014
2026-07-21 09:47:51,854 [INFO]   Client 26 Loss: 8.0648
2026-07-21 09:47:53,877 [INFO]   Client 27 Loss: 8.6886
2026-07-21 09:47:58,375 [INFO]   Client 28 Loss: 8.0220
2026-07-21 09:48:07,457 [INFO]   Client 29 Loss: 7.9631
2026-07-21 09:48:12,215 [INFO]   Client 30 Loss: 8.1870
2026-07-21 09:48:16,284 [INFO]   Client 31 Loss: 8.6241
2026-07-21 09:48:26,512 [INFO]   Client 33 Loss: 7.9781
2026-07-21 09:48:34,321 [INFO]   Client 34 Loss: 7.9708
2026-07-21 09:48:37,187 [INFO]   Client 35 Loss: 8.2561
2026-07-21 09:48:45,690 [INFO]   Client 36 Loss: 8.0117
2026-07-21 09:48:57,303 [INFO]   Client 37 Loss: 8.0220
2026-07-21 09:48:57,517 [INFO]   Client 38 Loss: 8.6652
2026-07-21 09:48:59,740 [INFO]   Client 40 Loss: 8.0727
2026-07-21 09:49:03,615 [INFO]   Client 41 Loss: 8.1013
2026-07-21 09:49:15,265 [INFO]   Client 42 Loss: 7.9177
2026-07-21 09:49:20,003 [INFO]   Client 43 Loss: 8.3103
2026-07-21 09:49:33,407 [INFO]   Client 44 Loss: 7.7815
2026-07-21 09:49:39,364 [INFO]   Client 45 Loss: 7.9992
2026-07-21 09:49:47,318 [INFO]   Client 46 Loss: 8.5811
2026-07-21 09:49:55,649 [INFO]   Client 47 Loss: 7.8694
2026-07-21 09:49:56,936 [INFO]   Client 48 Loss: 8.3188
2026-07-21 09:50:07,327 [INFO]   Client 49 Loss: 7.9081
2026-07-21 09:50:15,178 [INFO]   Client 50 Loss: 7.9155
2026-07-21 09:50:20,695 [INFO]   Client 51 Loss: 8.2158
2026-07-21 09:50:26,475 [INFO]   Client 52 Loss: 8.0979
2026-07-21 09:50:34,736 [INFO]   Client 53 Loss: 8.0409
2026-07-21 09:50:40,056 [INFO]   Client 54 Loss: 8.1674
2026-07-21 09:50:54,609 [INFO]   Client 55 Loss: 7.8805
2026-07-21 09:50:56,204 [INFO]   Client 56 Loss: 8.7909
2026-07-21 09:50:56,875 [INFO]   Client 57 Loss: 8.7180
2026-07-21 09:50:59,335 [INFO]   Client 58 Loss: 8.5703
2026-07-21 09:51:05,323 [INFO]   Client 59 Loss: 7.8813
2026-07-21 09:51:11,657 [INFO]   Client 60 Loss: 8.4386
2026-07-21 09:51:18,529 [INFO]   Client 61 Loss: 8.0435
2026-07-21 09:51:19,464 [INFO]   Client 63 Loss: 9.2606
2026-07-21 09:51:22,439 [INFO]   Client 64 Loss: 8.3114
2026-07-21 09:51:37,741 [INFO]   Client 65 Loss: 7.8890
2026-07-21 09:51:51,822 [INFO]   Client 66 Loss: 7.7455
2026-07-21 09:51:56,549 [INFO]   Client 67 Loss: 8.3025
2026-07-21 09:51:59,096 [INFO]   Client 68 Loss: 8.7792
2026-07-21 09:52:05,981 [INFO]   Client 69 Loss: 7.9507
2026-07-21 09:55:41,244 [INFO] [Task 2 | Round 11/30 | Global 71] Acc: 27.52% | F1-Mac: 13.34% | Loss: 8.3150
2026-07-21 09:55:41,264 [INFO] 
--- Task 2, Round 12/30 (Global 72) ---
2026-07-21 09:55:41,791 [INFO]   Client 0 Loss: 8.6640
2026-07-21 09:55:42,397 [INFO]   Client 1 Loss: 11.5946
2026-07-21 09:55:46,337 [INFO]   Client 2 Loss: 8.0539
2026-07-21 09:55:58,873 [INFO]   Client 3 Loss: 7.8626
2026-07-21 09:55:59,582 [INFO]   Client 4 Loss: 9.8127
2026-07-21 09:56:00,535 [INFO]   Client 5 Loss: 9.9447
2026-07-21 09:56:02,799 [INFO]   Client 6 Loss: 8.0697
2026-07-21 09:56:07,396 [INFO]   Client 7 Loss: 8.7025
2026-07-21 09:56:09,814 [INFO]   Client 8 Loss: 8.2883
2026-07-21 09:56:17,651 [INFO]   Client 9 Loss: 7.9699
2026-07-21 09:56:19,344 [INFO]   Client 10 Loss: 9.0470
2026-07-21 09:56:26,665 [INFO]   Client 11 Loss: 8.0233
2026-07-21 09:56:41,012 [INFO]   Client 12 Loss: 7.7488
2026-07-21 09:56:44,024 [INFO]   Client 13 Loss: 8.6234
2026-07-21 09:56:53,874 [INFO]   Client 14 Loss: 7.9028
2026-07-21 09:57:10,121 [INFO]   Client 15 Loss: 7.8658
2026-07-21 09:57:24,929 [INFO]   Client 16 Loss: 7.7639
2026-07-21 09:57:28,107 [INFO]   Client 17 Loss: 8.4905
2026-07-21 09:57:39,939 [INFO]   Client 18 Loss: 7.9434
2026-07-21 09:57:45,802 [INFO]   Client 19 Loss: 8.2739
2026-07-21 09:57:48,727 [INFO]   Client 20 Loss: 8.8585
2026-07-21 09:57:52,307 [INFO]   Client 21 Loss: 7.8853
2026-07-21 09:58:02,261 [INFO]   Client 22 Loss: 7.9305
2026-07-21 09:58:05,418 [INFO]   Client 24 Loss: 8.0094
2026-07-21 09:58:06,350 [INFO]   Client 25 Loss: 8.3799
2026-07-21 09:58:14,342 [INFO]   Client 26 Loss: 8.0543
2026-07-21 09:58:16,355 [INFO]   Client 27 Loss: 8.6788
2026-07-21 09:58:20,881 [INFO]   Client 28 Loss: 7.9945
2026-07-21 09:58:29,911 [INFO]   Client 29 Loss: 7.9301
2026-07-21 09:58:34,645 [INFO]   Client 30 Loss: 8.1721
2026-07-21 09:58:38,689 [INFO]   Client 31 Loss: 8.6138
2026-07-21 09:58:48,936 [INFO]   Client 33 Loss: 7.9747
2026-07-21 09:58:56,737 [INFO]   Client 34 Loss: 7.9555
2026-07-21 09:58:59,606 [INFO]   Client 35 Loss: 8.2390
2026-07-21 09:59:08,131 [INFO]   Client 36 Loss: 7.9787
2026-07-21 09:59:19,747 [INFO]   Client 37 Loss: 7.9858
2026-07-21 09:59:19,961 [INFO]   Client 38 Loss: 8.6776
2026-07-21 09:59:22,183 [INFO]   Client 40 Loss: 8.0471
2026-07-21 09:59:26,096 [INFO]   Client 41 Loss: 8.0734
2026-07-21 09:59:37,751 [INFO]   Client 42 Loss: 7.9048
2026-07-21 09:59:42,441 [INFO]   Client 43 Loss: 8.2908
2026-07-21 09:59:55,709 [INFO]   Client 44 Loss: 7.7622
2026-07-21 10:00:01,670 [INFO]   Client 45 Loss: 7.9758
2026-07-21 10:00:09,589 [INFO]   Client 46 Loss: 8.5701
2026-07-21 10:00:17,911 [INFO]   Client 47 Loss: 7.8610
2026-07-21 10:00:19,156 [INFO]   Client 48 Loss: 8.3085
2026-07-21 10:00:29,485 [INFO]   Client 49 Loss: 7.8931
2026-07-21 10:00:37,302 [INFO]   Client 50 Loss: 7.8829
2026-07-21 10:00:42,809 [INFO]   Client 51 Loss: 8.1934
2026-07-21 10:00:48,565 [INFO]   Client 52 Loss: 8.0896
2026-07-21 10:00:56,786 [INFO]   Client 53 Loss: 8.0230
2026-07-21 10:01:02,084 [INFO]   Client 54 Loss: 8.1368
2026-07-21 10:01:16,701 [INFO]   Client 55 Loss: 7.8592
2026-07-21 10:01:18,306 [INFO]   Client 56 Loss: 8.7923
2026-07-21 10:01:18,979 [INFO]   Client 57 Loss: 8.7103
2026-07-21 10:01:21,426 [INFO]   Client 58 Loss: 8.5101
2026-07-21 10:01:27,457 [INFO]   Client 59 Loss: 7.8403
2026-07-21 10:01:33,781 [INFO]   Client 60 Loss: 8.4227
2026-07-21 10:01:40,724 [INFO]   Client 61 Loss: 8.0312
2026-07-21 10:01:41,661 [INFO]   Client 63 Loss: 9.3298
2026-07-21 10:01:44,632 [INFO]   Client 64 Loss: 8.2909
2026-07-21 10:01:59,977 [INFO]   Client 65 Loss: 7.8800
2026-07-21 10:02:14,114 [INFO]   Client 66 Loss: 7.7201
2026-07-21 10:02:18,846 [INFO]   Client 67 Loss: 8.2829
2026-07-21 10:02:21,387 [INFO]   Client 68 Loss: 8.7670
2026-07-21 10:02:28,287 [INFO]   Client 69 Loss: 7.9288
2026-07-21 10:06:04,172 [INFO] [Task 2 | Round 12/30 | Global 72] Acc: 33.56% | F1-Mac: 16.22% | Loss: 8.2931
2026-07-21 10:06:04,192 [INFO] 
--- Task 2, Round 13/30 (Global 73) ---
2026-07-21 10:06:04,723 [INFO]   Client 0 Loss: 8.7199
2026-07-21 10:06:05,324 [INFO]   Client 1 Loss: 11.6400
2026-07-21 10:06:09,264 [INFO]   Client 2 Loss: 8.0318
2026-07-21 10:06:21,757 [INFO]   Client 3 Loss: 7.8503
2026-07-21 10:06:22,464 [INFO]   Client 4 Loss: 9.8623
2026-07-21 10:06:23,422 [INFO]   Client 5 Loss: 9.9544
2026-07-21 10:06:25,696 [INFO]   Client 6 Loss: 8.0462
2026-07-21 10:06:30,303 [INFO]   Client 7 Loss: 8.6895
2026-07-21 10:06:32,723 [INFO]   Client 8 Loss: 8.2805
2026-07-21 10:06:40,510 [INFO]   Client 9 Loss: 7.9607
2026-07-21 10:06:42,203 [INFO]   Client 10 Loss: 8.9400
2026-07-21 10:06:49,491 [INFO]   Client 11 Loss: 8.0031
2026-07-21 10:07:03,837 [INFO]   Client 12 Loss: 7.7309
2026-07-21 10:07:06,858 [INFO]   Client 13 Loss: 8.6123
2026-07-21 10:07:16,652 [INFO]   Client 14 Loss: 7.8740
2026-07-21 10:07:32,875 [INFO]   Client 15 Loss: 7.8450
2026-07-21 10:07:47,729 [INFO]   Client 16 Loss: 7.7529
2026-07-21 10:07:50,912 [INFO]   Client 17 Loss: 8.4567
2026-07-21 10:08:02,775 [INFO]   Client 18 Loss: 7.9219
2026-07-21 10:08:08,645 [INFO]   Client 19 Loss: 8.2724
2026-07-21 10:08:11,538 [INFO]   Client 20 Loss: 8.8987
2026-07-21 10:08:15,102 [INFO]   Client 21 Loss: 7.8527
2026-07-21 10:08:24,971 [INFO]   Client 22 Loss: 7.9105
2026-07-21 10:08:28,109 [INFO]   Client 24 Loss: 7.9837
2026-07-21 10:08:29,031 [INFO]   Client 25 Loss: 8.3881
2026-07-21 10:08:36,979 [INFO]   Client 26 Loss: 8.0404
2026-07-21 10:08:39,003 [INFO]   Client 27 Loss: 8.6741
2026-07-21 10:08:43,526 [INFO]   Client 28 Loss: 7.9613
2026-07-21 10:08:52,555 [INFO]   Client 29 Loss: 7.9115
2026-07-21 10:08:57,303 [INFO]   Client 30 Loss: 8.1455
2026-07-21 10:09:01,376 [INFO]   Client 31 Loss: 8.5971
2026-07-21 10:09:11,730 [INFO]   Client 33 Loss: 7.9563
2026-07-21 10:09:19,589 [INFO]   Client 34 Loss: 7.9338
2026-07-21 10:09:22,471 [INFO]   Client 35 Loss: 8.2212
2026-07-21 10:09:31,011 [INFO]   Client 36 Loss: 7.9542
2026-07-21 10:09:42,628 [INFO]   Client 37 Loss: 7.9497
2026-07-21 10:09:42,843 [INFO]   Client 38 Loss: 8.7310
2026-07-21 10:09:45,057 [INFO]   Client 40 Loss: 8.0072
2026-07-21 10:09:48,928 [INFO]   Client 41 Loss: 8.0411
2026-07-21 10:10:00,544 [INFO]   Client 42 Loss: 7.8906
2026-07-21 10:10:05,293 [INFO]   Client 43 Loss: 8.2725
2026-07-21 10:10:18,693 [INFO]   Client 44 Loss: 7.7522
2026-07-21 10:10:24,664 [INFO]   Client 45 Loss: 7.9602
2026-07-21 10:10:32,647 [INFO]   Client 46 Loss: 8.5578
2026-07-21 10:10:41,013 [INFO]   Client 47 Loss: 7.8386
2026-07-21 10:10:42,267 [INFO]   Client 48 Loss: 8.3075
2026-07-21 10:10:52,732 [INFO]   Client 49 Loss: 7.8787
2026-07-21 10:11:00,623 [INFO]   Client 50 Loss: 7.8649
2026-07-21 10:11:06,153 [INFO]   Client 51 Loss: 8.1800
2026-07-21 10:11:11,930 [INFO]   Client 52 Loss: 8.0728
2026-07-21 10:11:20,190 [INFO]   Client 53 Loss: 8.0142
2026-07-21 10:11:25,493 [INFO]   Client 54 Loss: 8.1198
2026-07-21 10:11:40,079 [INFO]   Client 55 Loss: 7.8344
2026-07-21 10:11:41,684 [INFO]   Client 56 Loss: 8.7789
2026-07-21 10:11:42,360 [INFO]   Client 57 Loss: 8.7107
2026-07-21 10:11:44,825 [INFO]   Client 58 Loss: 8.4847
2026-07-21 10:11:50,859 [INFO]   Client 59 Loss: 7.8185
2026-07-21 10:11:57,226 [INFO]   Client 60 Loss: 8.4282
2026-07-21 10:12:04,152 [INFO]   Client 61 Loss: 8.0165
2026-07-21 10:12:05,092 [INFO]   Client 63 Loss: 9.2095
2026-07-21 10:12:08,090 [INFO]   Client 64 Loss: 8.2736
2026-07-21 10:12:23,594 [INFO]   Client 65 Loss: 7.8641
2026-07-21 10:12:37,749 [INFO]   Client 66 Loss: 7.7039
2026-07-21 10:12:42,472 [INFO]   Client 67 Loss: 8.2755
2026-07-21 10:12:45,012 [INFO]   Client 68 Loss: 8.7583
2026-07-21 10:12:51,895 [INFO]   Client 69 Loss: 7.9143
2026-07-21 10:16:27,385 [INFO] [Task 2 | Round 13/30 | Global 73] Acc: 34.55% | F1-Mac: 16.48% | Loss: 8.2785
2026-07-21 10:16:27,407 [INFO] 
--- Task 2, Round 14/30 (Global 74) ---
2026-07-21 10:16:27,940 [INFO]   Client 0 Loss: 8.6788
2026-07-21 10:16:28,543 [INFO]   Client 1 Loss: 11.6748
2026-07-21 10:16:32,490 [INFO]   Client 2 Loss: 8.0086
2026-07-21 10:16:45,075 [INFO]   Client 3 Loss: 7.8300
2026-07-21 10:16:45,773 [INFO]   Client 4 Loss: 9.8674
2026-07-21 10:16:46,723 [INFO]   Client 5 Loss: 10.0516
2026-07-21 10:16:48,997 [INFO]   Client 6 Loss: 8.0305
2026-07-21 10:16:53,573 [INFO]   Client 7 Loss: 8.6911
2026-07-21 10:16:56,013 [INFO]   Client 8 Loss: 8.2702
2026-07-21 10:17:03,864 [INFO]   Client 9 Loss: 7.9515
2026-07-21 10:17:05,585 [INFO]   Client 10 Loss: 8.8464
2026-07-21 10:17:12,992 [INFO]   Client 11 Loss: 7.9848
2026-07-21 10:17:27,498 [INFO]   Client 12 Loss: 7.7170
2026-07-21 10:17:30,540 [INFO]   Client 13 Loss: 8.6001
2026-07-21 10:17:40,483 [INFO]   Client 14 Loss: 7.8583
2026-07-21 10:17:56,764 [INFO]   Client 15 Loss: 7.8342
2026-07-21 10:18:11,629 [INFO]   Client 16 Loss: 7.7285
2026-07-21 10:18:14,815 [INFO]   Client 17 Loss: 8.4760
2026-07-21 10:18:26,690 [INFO]   Client 18 Loss: 7.8990
2026-07-21 10:18:32,527 [INFO]   Client 19 Loss: 8.2550
2026-07-21 10:18:35,426 [INFO]   Client 20 Loss: 8.8163
2026-07-21 10:18:39,012 [INFO]   Client 21 Loss: 7.8378
2026-07-21 10:18:48,945 [INFO]   Client 22 Loss: 7.8909
2026-07-21 10:18:52,108 [INFO]   Client 24 Loss: 7.9808
2026-07-21 10:18:53,037 [INFO]   Client 25 Loss: 8.3670
2026-07-21 10:19:01,033 [INFO]   Client 26 Loss: 8.0270
2026-07-21 10:19:03,069 [INFO]   Client 27 Loss: 8.6586
2026-07-21 10:19:07,622 [INFO]   Client 28 Loss: 7.9537
2026-07-21 10:19:16,655 [INFO]   Client 29 Loss: 7.8846
2026-07-21 10:19:21,407 [INFO]   Client 30 Loss: 8.1349
2026-07-21 10:19:25,432 [INFO]   Client 31 Loss: 8.5880
2026-07-21 10:19:35,761 [INFO]   Client 33 Loss: 7.9471
2026-07-21 10:19:43,672 [INFO]   Client 34 Loss: 7.9232
2026-07-21 10:19:46,553 [INFO]   Client 35 Loss: 8.2061
2026-07-21 10:19:55,090 [INFO]   Client 36 Loss: 7.9323
2026-07-21 10:20:06,732 [INFO]   Client 37 Loss: 7.9183
2026-07-21 10:20:06,948 [INFO]   Client 38 Loss: 8.6996
2026-07-21 10:20:09,169 [INFO]   Client 40 Loss: 7.9984
2026-07-21 10:20:13,045 [INFO]   Client 41 Loss: 8.0102
2026-07-21 10:20:24,638 [INFO]   Client 42 Loss: 7.8794
2026-07-21 10:20:29,358 [INFO]   Client 43 Loss: 8.2470
2026-07-21 10:20:42,666 [INFO]   Client 44 Loss: 7.7393
2026-07-21 10:20:48,610 [INFO]   Client 45 Loss: 7.9372
2026-07-21 10:20:56,566 [INFO]   Client 46 Loss: 8.5489
2026-07-21 10:21:04,877 [INFO]   Client 47 Loss: 7.8162
2026-07-21 10:21:06,132 [INFO]   Client 48 Loss: 8.2787
2026-07-21 10:21:16,465 [INFO]   Client 49 Loss: 7.8630
2026-07-21 10:21:24,308 [INFO]   Client 50 Loss: 7.8479
2026-07-21 10:21:29,844 [INFO]   Client 51 Loss: 8.1688
2026-07-21 10:21:35,624 [INFO]   Client 52 Loss: 8.0583
2026-07-21 10:21:43,970 [INFO]   Client 53 Loss: 7.9936
2026-07-21 10:21:49,240 [INFO]   Client 54 Loss: 8.0971
2026-07-21 10:22:03,830 [INFO]   Client 55 Loss: 7.8176
2026-07-21 10:22:05,431 [INFO]   Client 56 Loss: 8.7641
2026-07-21 10:22:06,114 [INFO]   Client 57 Loss: 8.7100
2026-07-21 10:22:08,581 [INFO]   Client 58 Loss: 8.4566
2026-07-21 10:22:14,625 [INFO]   Client 59 Loss: 7.8070
2026-07-21 10:22:21,014 [INFO]   Client 60 Loss: 8.3995
2026-07-21 10:22:27,961 [INFO]   Client 61 Loss: 7.9946
2026-07-21 10:22:28,901 [INFO]   Client 63 Loss: 9.2593
2026-07-21 10:22:31,896 [INFO]   Client 64 Loss: 8.2668
2026-07-21 10:22:47,372 [INFO]   Client 65 Loss: 7.8521
2026-07-21 10:23:01,525 [INFO]   Client 66 Loss: 7.6873
2026-07-21 10:23:06,247 [INFO]   Client 67 Loss: 8.2568
2026-07-21 10:23:08,819 [INFO]   Client 68 Loss: 8.7532
2026-07-21 10:23:15,714 [INFO]   Client 69 Loss: 7.9064
2026-07-21 10:26:52,852 [INFO] [Task 2 | Round 14/30 | Global 74] Acc: 34.61% | F1-Mac: 16.48% | Loss: 8.2642
2026-07-21 10:26:52,873 [INFO] 
--- Task 2, Round 15/30 (Global 75) ---
2026-07-21 10:26:53,391 [INFO]   Client 0 Loss: 8.6771
2026-07-21 10:26:53,991 [INFO]   Client 1 Loss: 11.8053
2026-07-21 10:26:57,905 [INFO]   Client 2 Loss: 7.9918
2026-07-21 10:27:10,455 [INFO]   Client 3 Loss: 7.8169
2026-07-21 10:27:11,154 [INFO]   Client 4 Loss: 9.8777
2026-07-21 10:27:12,108 [INFO]   Client 5 Loss: 9.9812
2026-07-21 10:27:14,399 [INFO]   Client 6 Loss: 8.0351
2026-07-21 10:27:19,032 [INFO]   Client 7 Loss: 8.6822
2026-07-21 10:27:21,471 [INFO]   Client 8 Loss: 8.2497
2026-07-21 10:27:29,331 [INFO]   Client 9 Loss: 7.9390
2026-07-21 10:27:31,033 [INFO]   Client 10 Loss: 9.0751
2026-07-21 10:27:38,429 [INFO]   Client 11 Loss: 7.9658
2026-07-21 10:27:52,800 [INFO]   Client 12 Loss: 7.7019
2026-07-21 10:27:55,795 [INFO]   Client 13 Loss: 8.5890
2026-07-21 10:28:05,634 [INFO]   Client 14 Loss: 7.8455
2026-07-21 10:28:22,044 [INFO]   Client 15 Loss: 7.8264
2026-07-21 10:28:36,857 [INFO]   Client 16 Loss: 7.7182
2026-07-21 10:28:40,054 [INFO]   Client 17 Loss: 8.4231
2026-07-21 10:28:51,913 [INFO]   Client 18 Loss: 7.8945
2026-07-21 10:28:57,719 [INFO]   Client 19 Loss: 8.2452
2026-07-21 10:29:00,615 [INFO]   Client 20 Loss: 8.9001
2026-07-21 10:29:04,154 [INFO]   Client 21 Loss: 7.8065
2026-07-21 10:29:14,069 [INFO]   Client 22 Loss: 7.8708
2026-07-21 10:29:17,225 [INFO]   Client 24 Loss: 7.9572
2026-07-21 10:29:18,151 [INFO]   Client 25 Loss: 8.3856
2026-07-21 10:29:26,049 [INFO]   Client 26 Loss: 8.0100
2026-07-21 10:29:28,071 [INFO]   Client 27 Loss: 8.6573
2026-07-21 10:29:32,586 [INFO]   Client 28 Loss: 7.9363
2026-07-21 10:29:41,673 [INFO]   Client 29 Loss: 7.8808
2026-07-21 10:29:46,438 [INFO]   Client 30 Loss: 8.1203
2026-07-21 10:29:50,477 [INFO]   Client 31 Loss: 8.5777
2026-07-21 10:30:00,737 [INFO]   Client 33 Loss: 7.9311
2026-07-21 10:30:08,592 [INFO]   Client 34 Loss: 7.9096
2026-07-21 10:30:11,460 [INFO]   Client 35 Loss: 8.2041
2026-07-21 10:30:20,038 [INFO]   Client 36 Loss: 7.9202
2026-07-21 10:30:31,648 [INFO]   Client 37 Loss: 7.9507
2026-07-21 10:30:31,865 [INFO]   Client 38 Loss: 8.6789
2026-07-21 10:30:34,087 [INFO]   Client 40 Loss: 7.9796
2026-07-21 10:30:37,981 [INFO]   Client 41 Loss: 7.9935
2026-07-21 10:30:49,609 [INFO]   Client 42 Loss: 7.8593
2026-07-21 10:30:54,322 [INFO]   Client 43 Loss: 8.2335
2026-07-21 10:31:07,650 [INFO]   Client 44 Loss: 7.7246
2026-07-21 10:31:13,577 [INFO]   Client 45 Loss: 7.9258
2026-07-21 10:31:21,573 [INFO]   Client 46 Loss: 8.5356
2026-07-21 10:31:29,931 [INFO]   Client 47 Loss: 7.8013
2026-07-21 10:31:31,185 [INFO]   Client 48 Loss: 8.2952
2026-07-21 10:31:41,662 [INFO]   Client 49 Loss: 7.8436
2026-07-21 10:31:49,522 [INFO]   Client 50 Loss: 7.8304
2026-07-21 10:31:55,046 [INFO]   Client 51 Loss: 8.1566
2026-07-21 10:32:00,828 [INFO]   Client 52 Loss: 8.0460
2026-07-21 10:32:09,120 [INFO]   Client 53 Loss: 7.9822
2026-07-21 10:32:14,441 [INFO]   Client 54 Loss: 8.0932
2026-07-21 10:32:28,946 [INFO]   Client 55 Loss: 7.7994
2026-07-21 10:32:30,552 [INFO]   Client 56 Loss: 8.7585
2026-07-21 10:32:31,220 [INFO]   Client 57 Loss: 8.7072
2026-07-21 10:32:33,695 [INFO]   Client 58 Loss: 8.4343
2026-07-21 10:32:39,766 [INFO]   Client 59 Loss: 7.7850
2026-07-21 10:32:46,098 [INFO]   Client 60 Loss: 8.3932
2026-07-21 10:32:53,036 [INFO]   Client 61 Loss: 7.9897
2026-07-21 10:32:53,973 [INFO]   Client 63 Loss: 9.2085
2026-07-21 10:32:56,950 [INFO]   Client 64 Loss: 8.2505
2026-07-21 10:33:12,389 [INFO]   Client 65 Loss: 7.8370
2026-07-21 10:33:26,565 [INFO]   Client 66 Loss: 7.6718
2026-07-21 10:33:31,284 [INFO]   Client 67 Loss: 8.2464
2026-07-21 10:33:33,834 [INFO]   Client 68 Loss: 8.7368
2026-07-21 10:33:40,718 [INFO]   Client 69 Loss: 7.8891
2026-07-21 10:37:17,617 [INFO] [Task 2 | Round 15/30 | Global 75] Acc: 34.62% | F1-Mac: 16.50% | Loss: 8.2583
2026-07-21 10:37:17,638 [INFO] 
--- Task 2, Round 16/30 (Global 76) ---
2026-07-21 10:37:18,189 [INFO]   Client 0 Loss: 8.6683
2026-07-21 10:37:18,800 [INFO]   Client 1 Loss: 11.6314
2026-07-21 10:37:22,748 [INFO]   Client 2 Loss: 7.9631
2026-07-21 10:37:35,464 [INFO]   Client 3 Loss: 7.8001
2026-07-21 10:37:36,168 [INFO]   Client 4 Loss: 9.7396
2026-07-21 10:37:37,129 [INFO]   Client 5 Loss: 10.0019
2026-07-21 10:37:39,402 [INFO]   Client 6 Loss: 8.0003
2026-07-21 10:37:43,967 [INFO]   Client 7 Loss: 8.6703
2026-07-21 10:37:46,397 [INFO]   Client 8 Loss: 8.2434
2026-07-21 10:37:54,248 [INFO]   Client 9 Loss: 7.9214
2026-07-21 10:37:55,933 [INFO]   Client 10 Loss: 8.6401
2026-07-21 10:38:03,281 [INFO]   Client 11 Loss: 7.9523
2026-07-21 10:38:17,695 [INFO]   Client 12 Loss: 7.6841
2026-07-21 10:38:20,712 [INFO]   Client 13 Loss: 8.5774
2026-07-21 10:38:30,649 [INFO]   Client 14 Loss: 7.8239
2026-07-21 10:38:46,866 [INFO]   Client 15 Loss: 7.8068
2026-07-21 10:39:01,769 [INFO]   Client 16 Loss: 7.7045
2026-07-21 10:39:04,969 [INFO]   Client 17 Loss: 8.4454
2026-07-21 10:39:16,874 [INFO]   Client 18 Loss: 7.8756
2026-07-21 10:39:22,708 [INFO]   Client 19 Loss: 8.2252
2026-07-21 10:39:25,627 [INFO]   Client 20 Loss: 8.8126
2026-07-21 10:39:29,195 [INFO]   Client 21 Loss: 7.7869
2026-07-21 10:39:39,103 [INFO]   Client 22 Loss: 7.8557
2026-07-21 10:39:42,240 [INFO]   Client 24 Loss: 7.9391
2026-07-21 10:39:43,168 [INFO]   Client 25 Loss: 8.3491
2026-07-21 10:39:51,114 [INFO]   Client 26 Loss: 7.9949
2026-07-21 10:39:53,134 [INFO]   Client 27 Loss: 8.6447
2026-07-21 10:39:57,683 [INFO]   Client 28 Loss: 7.9145
2026-07-21 10:40:06,841 [INFO]   Client 29 Loss: 7.8612
2026-07-21 10:40:11,643 [INFO]   Client 30 Loss: 8.1045
2026-07-21 10:40:15,726 [INFO]   Client 31 Loss: 8.5676
2026-07-21 10:40:26,070 [INFO]   Client 33 Loss: 7.9181
2026-07-21 10:40:33,925 [INFO]   Client 34 Loss: 7.8951
2026-07-21 10:40:36,805 [INFO]   Client 35 Loss: 8.1836
2026-07-21 10:40:45,360 [INFO]   Client 36 Loss: 7.8851
2026-07-21 10:40:57,012 [INFO]   Client 37 Loss: 7.9070
2026-07-21 10:40:57,228 [INFO]   Client 38 Loss: 8.6547
2026-07-21 10:40:59,463 [INFO]   Client 40 Loss: 7.9601
2026-07-21 10:41:03,363 [INFO]   Client 41 Loss: 7.9838
2026-07-21 10:41:14,917 [INFO]   Client 42 Loss: 7.8532
2026-07-21 10:41:19,692 [INFO]   Client 43 Loss: 8.2199
2026-07-21 10:41:33,149 [INFO]   Client 44 Loss: 7.7086
2026-07-21 10:41:39,124 [INFO]   Client 45 Loss: 7.9015
2026-07-21 10:41:47,171 [INFO]   Client 46 Loss: 8.5275
2026-07-21 10:41:55,506 [INFO]   Client 47 Loss: 7.7865
2026-07-21 10:41:56,753 [INFO]   Client 48 Loss: 8.2419
2026-07-21 10:42:07,220 [INFO]   Client 49 Loss: 7.8385
2026-07-21 10:42:15,079 [INFO]   Client 50 Loss: 7.8127
2026-07-21 10:42:20,566 [INFO]   Client 51 Loss: 8.1366
2026-07-21 10:42:26,338 [INFO]   Client 52 Loss: 8.0311
2026-07-21 10:42:34,609 [INFO]   Client 53 Loss: 7.9693
2026-07-21 10:42:39,935 [INFO]   Client 54 Loss: 8.0681
2026-07-21 10:42:54,523 [INFO]   Client 55 Loss: 7.7824
2026-07-21 10:42:56,129 [INFO]   Client 56 Loss: 8.7415
2026-07-21 10:42:56,804 [INFO]   Client 57 Loss: 8.6806
2026-07-21 10:42:59,268 [INFO]   Client 58 Loss: 8.4385
2026-07-21 10:43:05,285 [INFO]   Client 59 Loss: 7.7722
2026-07-21 10:43:11,672 [INFO]   Client 60 Loss: 8.3737
2026-07-21 10:43:18,609 [INFO]   Client 61 Loss: 7.9721
2026-07-21 10:43:19,559 [INFO]   Client 63 Loss: 9.2931
2026-07-21 10:43:22,544 [INFO]   Client 64 Loss: 8.2344
2026-07-21 10:43:37,990 [INFO]   Client 65 Loss: 7.8272
2026-07-21 10:43:52,275 [INFO]   Client 66 Loss: 7.6569
2026-07-21 10:43:57,015 [INFO]   Client 67 Loss: 8.2328
2026-07-21 10:43:59,580 [INFO]   Client 68 Loss: 8.7262
2026-07-21 10:44:06,504 [INFO]   Client 69 Loss: 7.8719
2026-07-21 10:47:42,324 [INFO] [Task 2 | Round 16/30 | Global 76] Acc: 34.66% | F1-Mac: 16.50% | Loss: 8.2317
2026-07-21 10:47:42,343 [INFO] 
--- Task 2, Round 17/30 (Global 77) ---
2026-07-21 10:47:42,859 [INFO]   Client 0 Loss: 8.6583
2026-07-21 10:47:43,464 [INFO]   Client 1 Loss: 11.6974
2026-07-21 10:47:47,395 [INFO]   Client 2 Loss: 7.9596
2026-07-21 10:48:00,033 [INFO]   Client 3 Loss: 7.7864
2026-07-21 10:48:00,736 [INFO]   Client 4 Loss: 9.8137
2026-07-21 10:48:01,689 [INFO]   Client 5 Loss: 10.0358
2026-07-21 10:48:03,961 [INFO]   Client 6 Loss: 7.9961
2026-07-21 10:48:08,554 [INFO]   Client 7 Loss: 8.6674
2026-07-21 10:48:10,972 [INFO]   Client 8 Loss: 8.2517
2026-07-21 10:48:18,728 [INFO]   Client 9 Loss: 7.9179
2026-07-21 10:48:20,422 [INFO]   Client 10 Loss: 8.6528
2026-07-21 10:48:27,820 [INFO]   Client 11 Loss: 7.9320
2026-07-21 10:48:42,210 [INFO]   Client 12 Loss: 7.6688
2026-07-21 10:48:45,228 [INFO]   Client 13 Loss: 8.5630
2026-07-21 10:48:55,135 [INFO]   Client 14 Loss: 7.8074
2026-07-21 10:49:11,556 [INFO]   Client 15 Loss: 7.7963
2026-07-21 10:49:26,486 [INFO]   Client 16 Loss: 7.6975
2026-07-21 10:49:29,682 [INFO]   Client 17 Loss: 8.4270
2026-07-21 10:49:41,644 [INFO]   Client 18 Loss: 7.8609
2026-07-21 10:49:47,518 [INFO]   Client 19 Loss: 8.2195
2026-07-21 10:49:50,406 [INFO]   Client 20 Loss: 8.7806
2026-07-21 10:49:53,946 [INFO]   Client 21 Loss: 7.7799
2026-07-21 10:50:03,861 [INFO]   Client 22 Loss: 7.8464
2026-07-21 10:50:07,018 [INFO]   Client 24 Loss: 7.9169
2026-07-21 10:50:07,950 [INFO]   Client 25 Loss: 8.3487
2026-07-21 10:50:15,895 [INFO]   Client 26 Loss: 7.9897
2026-07-21 10:50:17,908 [INFO]   Client 27 Loss: 8.6524
2026-07-21 10:50:22,444 [INFO]   Client 28 Loss: 7.8917
2026-07-21 10:50:31,567 [INFO]   Client 29 Loss: 7.8408
2026-07-21 10:50:36,384 [INFO]   Client 30 Loss: 8.0995
2026-07-21 10:50:40,459 [INFO]   Client 31 Loss: 8.5616
2026-07-21 10:50:50,732 [INFO]   Client 33 Loss: 7.9100
2026-07-21 10:50:58,613 [INFO]   Client 34 Loss: 7.8832
2026-07-21 10:51:01,495 [INFO]   Client 35 Loss: 8.1778
2026-07-21 10:51:10,068 [INFO]   Client 36 Loss: 7.8866
2026-07-21 10:51:21,695 [INFO]   Client 37 Loss: 7.8900
2026-07-21 10:51:21,905 [INFO]   Client 38 Loss: 8.6764
2026-07-21 10:51:24,126 [INFO]   Client 40 Loss: 7.9338
2026-07-21 10:51:27,999 [INFO]   Client 41 Loss: 7.9670
2026-07-21 10:51:39,623 [INFO]   Client 42 Loss: 7.8415
2026-07-21 10:51:44,348 [INFO]   Client 43 Loss: 8.2063
2026-07-21 10:51:57,741 [INFO]   Client 44 Loss: 7.7016
2026-07-21 10:52:03,727 [INFO]   Client 45 Loss: 7.8939
2026-07-21 10:52:11,749 [INFO]   Client 46 Loss: 8.5173
2026-07-21 10:52:20,095 [INFO]   Client 47 Loss: 7.7720
2026-07-21 10:52:21,344 [INFO]   Client 48 Loss: 8.2531
2026-07-21 10:52:31,694 [INFO]   Client 49 Loss: 7.8255
2026-07-21 10:52:39,506 [INFO]   Client 50 Loss: 7.7917
2026-07-21 10:52:45,037 [INFO]   Client 51 Loss: 8.1227
2026-07-21 10:52:50,842 [INFO]   Client 52 Loss: 8.0243
2026-07-21 10:52:59,082 [INFO]   Client 53 Loss: 7.9657
2026-07-21 10:53:04,342 [INFO]   Client 54 Loss: 8.0582
2026-07-21 10:53:18,913 [INFO]   Client 55 Loss: 7.7682
2026-07-21 10:53:20,522 [INFO]   Client 56 Loss: 8.7412
2026-07-21 10:53:21,196 [INFO]   Client 57 Loss: 8.6880
2026-07-21 10:53:23,656 [INFO]   Client 58 Loss: 8.4022
2026-07-21 10:53:29,694 [INFO]   Client 59 Loss: 7.7554
2026-07-21 10:53:36,090 [INFO]   Client 60 Loss: 8.3609
2026-07-21 10:53:43,060 [INFO]   Client 61 Loss: 7.9531
2026-07-21 10:53:43,994 [INFO]   Client 63 Loss: 9.1333
2026-07-21 10:53:46,993 [INFO]   Client 64 Loss: 8.2223
2026-07-21 10:54:02,446 [INFO]   Client 65 Loss: 7.8127
2026-07-21 10:54:16,624 [INFO]   Client 66 Loss: 7.6431
2026-07-21 10:54:21,340 [INFO]   Client 67 Loss: 8.2284
2026-07-21 10:54:23,900 [INFO]   Client 68 Loss: 8.7131
2026-07-21 10:54:30,790 [INFO]   Client 69 Loss: 7.8511
2026-07-21 10:58:07,999 [INFO] [Task 2 | Round 17/30 | Global 77] Acc: 34.64% | F1-Mac: 16.49% | Loss: 8.2226
2026-07-21 10:58:08,020 [INFO] 
--- Task 2, Round 18/30 (Global 78) ---
2026-07-21 10:58:08,540 [INFO]   Client 0 Loss: 8.6462
2026-07-21 10:58:09,152 [INFO]   Client 1 Loss: 11.7088
2026-07-21 10:58:13,120 [INFO]   Client 2 Loss: 7.9358
2026-07-21 10:58:25,833 [INFO]   Client 3 Loss: 7.7682
2026-07-21 10:58:26,535 [INFO]   Client 4 Loss: 9.7214
2026-07-21 10:58:27,498 [INFO]   Client 5 Loss: 10.0333
2026-07-21 10:58:29,749 [INFO]   Client 6 Loss: 7.9727
2026-07-21 10:58:34,251 [INFO]   Client 7 Loss: 8.6659
2026-07-21 10:58:36,667 [INFO]   Client 8 Loss: 8.2224
2026-07-21 10:58:44,449 [INFO]   Client 9 Loss: 7.9020
2026-07-21 10:58:46,171 [INFO]   Client 10 Loss: 8.9533
2026-07-21 10:58:53,527 [INFO]   Client 11 Loss: 7.9170
2026-07-21 10:59:07,908 [INFO]   Client 12 Loss: 7.6576
2026-07-21 10:59:10,943 [INFO]   Client 13 Loss: 8.5582
2026-07-21 10:59:20,849 [INFO]   Client 14 Loss: 7.7918
2026-07-21 10:59:37,345 [INFO]   Client 15 Loss: 7.7841
2026-07-21 10:59:52,256 [INFO]   Client 16 Loss: 7.6819
2026-07-21 10:59:55,414 [INFO]   Client 17 Loss: 8.4056
2026-07-21 11:00:07,190 [INFO]   Client 18 Loss: 7.8494
2026-07-21 11:00:13,007 [INFO]   Client 19 Loss: 8.2116
2026-07-21 11:00:15,890 [INFO]   Client 20 Loss: 8.7815
2026-07-21 11:00:19,442 [INFO]   Client 21 Loss: 7.7704
2026-07-21 11:00:29,324 [INFO]   Client 22 Loss: 7.8286
2026-07-21 11:00:32,484 [INFO]   Client 24 Loss: 7.9118
2026-07-21 11:00:33,413 [INFO]   Client 25 Loss: 8.3437
2026-07-21 11:00:41,409 [INFO]   Client 26 Loss: 7.9839
2026-07-21 11:00:43,432 [INFO]   Client 27 Loss: 8.6399
2026-07-21 11:00:47,986 [INFO]   Client 28 Loss: 7.8809
2026-07-21 11:00:57,027 [INFO]   Client 29 Loss: 7.8261
2026-07-21 11:01:01,823 [INFO]   Client 30 Loss: 8.0879
2026-07-21 11:01:05,866 [INFO]   Client 31 Loss: 8.5448
2026-07-21 11:01:16,143 [INFO]   Client 33 Loss: 7.9051
2026-07-21 11:01:24,002 [INFO]   Client 34 Loss: 7.8760
2026-07-21 11:01:26,903 [INFO]   Client 35 Loss: 8.1607
2026-07-21 11:01:35,443 [INFO]   Client 36 Loss: 7.8705
2026-07-21 11:01:47,145 [INFO]   Client 37 Loss: 7.8681
2026-07-21 11:01:47,356 [INFO]   Client 38 Loss: 8.6827
2026-07-21 11:01:49,566 [INFO]   Client 40 Loss: 7.9368
2026-07-21 11:01:53,439 [INFO]   Client 41 Loss: 7.9626
2026-07-21 11:02:05,134 [INFO]   Client 42 Loss: 7.8324
2026-07-21 11:02:09,853 [INFO]   Client 43 Loss: 8.1930
2026-07-21 11:02:23,195 [INFO]   Client 44 Loss: 7.6845
2026-07-21 11:02:29,153 [INFO]   Client 45 Loss: 7.8853
2026-07-21 11:02:37,134 [INFO]   Client 46 Loss: 8.5071
2026-07-21 11:02:45,472 [INFO]   Client 47 Loss: 7.7719
2026-07-21 11:02:46,720 [INFO]   Client 48 Loss: 8.2373
2026-07-21 11:02:57,135 [INFO]   Client 49 Loss: 7.8129
2026-07-21 11:03:04,979 [INFO]   Client 50 Loss: 7.7823
2026-07-21 11:03:10,495 [INFO]   Client 51 Loss: 8.1143
2026-07-21 11:03:16,264 [INFO]   Client 52 Loss: 8.0073
2026-07-21 11:03:24,647 [INFO]   Client 53 Loss: 7.9491
2026-07-21 11:03:29,931 [INFO]   Client 54 Loss: 8.0454
2026-07-21 11:03:44,556 [INFO]   Client 55 Loss: 7.7550
2026-07-21 11:03:46,162 [INFO]   Client 56 Loss: 8.7241
2026-07-21 11:03:46,834 [INFO]   Client 57 Loss: 8.6732
2026-07-21 11:03:49,299 [INFO]   Client 58 Loss: 8.3972
2026-07-21 11:03:55,341 [INFO]   Client 59 Loss: 7.7475
2026-07-21 11:04:01,721 [INFO]   Client 60 Loss: 8.3432
2026-07-21 11:04:08,741 [INFO]   Client 61 Loss: 7.9445
2026-07-21 11:04:09,677 [INFO]   Client 63 Loss: 9.1145
2026-07-21 11:04:12,671 [INFO]   Client 64 Loss: 8.2162
2026-07-21 11:04:28,026 [INFO]   Client 65 Loss: 7.8028
2026-07-21 11:04:42,127 [INFO]   Client 66 Loss: 7.6303
2026-07-21 11:04:46,852 [INFO]   Client 67 Loss: 8.2168
2026-07-21 11:04:49,412 [INFO]   Client 68 Loss: 8.7032
2026-07-21 11:04:56,336 [INFO]   Client 69 Loss: 7.8416
2026-07-21 11:08:31,344 [INFO] [Task 2 | Round 18/30 | Global 78] Acc: 34.90% | F1-Mac: 16.52% | Loss: 8.2149
2026-07-21 11:08:31,364 [INFO] 
--- Task 2, Round 19/30 (Global 79) ---
2026-07-21 11:08:31,884 [INFO]   Client 0 Loss: 8.6469
2026-07-21 11:08:32,494 [INFO]   Client 1 Loss: 11.7407
2026-07-21 11:08:36,477 [INFO]   Client 2 Loss: 7.9293
2026-07-21 11:08:49,159 [INFO]   Client 3 Loss: 7.7657
2026-07-21 11:08:49,867 [INFO]   Client 4 Loss: 9.6210
2026-07-21 11:08:50,834 [INFO]   Client 5 Loss: 9.9918
2026-07-21 11:08:53,107 [INFO]   Client 6 Loss: 7.9752
2026-07-21 11:08:57,664 [INFO]   Client 7 Loss: 8.6657
2026-07-21 11:09:00,081 [INFO]   Client 8 Loss: 8.2194
2026-07-21 11:09:07,854 [INFO]   Client 9 Loss: 7.8872
2026-07-21 11:09:09,551 [INFO]   Client 10 Loss: 8.6833
2026-07-21 11:09:16,901 [INFO]   Client 11 Loss: 7.9019
2026-07-21 11:09:31,241 [INFO]   Client 12 Loss: 7.6452
2026-07-21 11:09:34,235 [INFO]   Client 13 Loss: 8.5486
2026-07-21 11:09:44,031 [INFO]   Client 14 Loss: 7.7790
2026-07-21 11:10:00,285 [INFO]   Client 15 Loss: 7.7682
2026-07-21 11:10:15,143 [INFO]   Client 16 Loss: 7.6699
2026-07-21 11:10:18,359 [INFO]   Client 17 Loss: 8.4149
2026-07-21 11:10:30,170 [INFO]   Client 18 Loss: 7.8298
2026-07-21 11:10:35,997 [INFO]   Client 19 Loss: 8.2049
2026-07-21 11:10:38,895 [INFO]   Client 20 Loss: 8.7656
2026-07-21 11:10:42,465 [INFO]   Client 21 Loss: 7.7545
2026-07-21 11:10:52,373 [INFO]   Client 22 Loss: 7.8148
2026-07-21 11:10:55,509 [INFO]   Client 24 Loss: 7.8870
2026-07-21 11:10:56,442 [INFO]   Client 25 Loss: 8.3288
2026-07-21 11:11:04,436 [INFO]   Client 26 Loss: 7.9698
2026-07-21 11:11:06,462 [INFO]   Client 27 Loss: 8.6395
2026-07-21 11:11:10,971 [INFO]   Client 28 Loss: 7.8766
2026-07-21 11:11:20,033 [INFO]   Client 29 Loss: 7.8181
2026-07-21 11:11:24,788 [INFO]   Client 30 Loss: 8.0745
2026-07-21 11:11:28,818 [INFO]   Client 31 Loss: 8.5417
2026-07-21 11:11:39,038 [INFO]   Client 33 Loss: 7.8854
2026-07-21 11:11:46,862 [INFO]   Client 34 Loss: 7.8551
2026-07-21 11:11:49,730 [INFO]   Client 35 Loss: 8.1541
2026-07-21 11:11:58,277 [INFO]   Client 36 Loss: 7.8554
2026-07-21 11:12:09,888 [INFO]   Client 37 Loss: 7.8653
2026-07-21 11:12:10,102 [INFO]   Client 38 Loss: 8.7018
2026-07-21 11:12:12,308 [INFO]   Client 40 Loss: 7.9130
2026-07-21 11:12:16,159 [INFO]   Client 41 Loss: 7.9384
2026-07-21 11:12:27,781 [INFO]   Client 42 Loss: 7.8242
2026-07-21 11:12:32,478 [INFO]   Client 43 Loss: 8.1818
2026-07-21 11:12:45,837 [INFO]   Client 44 Loss: 7.6834
2026-07-21 11:12:51,757 [INFO]   Client 45 Loss: 7.8706
2026-07-21 11:12:59,752 [INFO]   Client 46 Loss: 8.4956
2026-07-21 11:13:08,096 [INFO]   Client 47 Loss: 7.7588
2026-07-21 11:13:09,338 [INFO]   Client 48 Loss: 8.2274
2026-07-21 11:13:19,693 [INFO]   Client 49 Loss: 7.8078
2026-07-21 11:13:27,516 [INFO]   Client 50 Loss: 7.7693
2026-07-21 11:13:33,034 [INFO]   Client 51 Loss: 8.0986
2026-07-21 11:13:38,840 [INFO]   Client 52 Loss: 8.0040
2026-07-21 11:13:47,146 [INFO]   Client 53 Loss: 7.9413
2026-07-21 11:13:52,420 [INFO]   Client 54 Loss: 8.0308
2026-07-21 11:14:06,998 [INFO]   Client 55 Loss: 7.7332
2026-07-21 11:14:08,602 [INFO]   Client 56 Loss: 8.7143
2026-07-21 11:14:09,272 [INFO]   Client 57 Loss: 8.6427
2026-07-21 11:14:11,727 [INFO]   Client 58 Loss: 8.3870
2026-07-21 11:14:17,730 [INFO]   Client 59 Loss: 7.7354
2026-07-21 11:14:24,109 [INFO]   Client 60 Loss: 8.3582
2026-07-21 11:14:31,052 [INFO]   Client 61 Loss: 7.9391
2026-07-21 11:14:31,988 [INFO]   Client 63 Loss: 9.2125
2026-07-21 11:14:34,962 [INFO]   Client 64 Loss: 8.2097
2026-07-21 11:14:50,310 [INFO]   Client 65 Loss: 7.7948
2026-07-21 11:15:04,365 [INFO]   Client 66 Loss: 7.6220
2026-07-21 11:15:09,085 [INFO]   Client 67 Loss: 8.1999
2026-07-21 11:15:11,647 [INFO]   Client 68 Loss: 8.6937
2026-07-21 11:15:18,503 [INFO]   Client 69 Loss: 7.8372
2026-07-21 11:18:54,207 [INFO] [Task 2 | Round 19/30 | Global 79] Acc: 35.08% | F1-Mac: 16.53% | Loss: 8.2015
2026-07-21 11:18:54,227 [INFO] 
--- Task 2, Round 20/30 (Global 80) ---
2026-07-21 11:18:54,741 [INFO]   Client 0 Loss: 8.6476
2026-07-21 11:18:55,343 [INFO]   Client 1 Loss: 11.7863
2026-07-21 11:18:59,268 [INFO]   Client 2 Loss: 7.9163
2026-07-21 11:19:11,872 [INFO]   Client 3 Loss: 7.7478
2026-07-21 11:19:12,571 [INFO]   Client 4 Loss: 9.6276
2026-07-21 11:19:13,536 [INFO]   Client 5 Loss: 10.0725
2026-07-21 11:19:15,809 [INFO]   Client 6 Loss: 7.9598
2026-07-21 11:19:20,375 [INFO]   Client 7 Loss: 8.6517
2026-07-21 11:19:22,789 [INFO]   Client 8 Loss: 8.2015
2026-07-21 11:19:30,624 [INFO]   Client 9 Loss: 7.8792
2026-07-21 11:19:32,313 [INFO]   Client 10 Loss: 8.7796
2026-07-21 11:19:39,671 [INFO]   Client 11 Loss: 7.8969
2026-07-21 11:19:53,947 [INFO]   Client 12 Loss: 7.6446
2026-07-21 11:19:56,943 [INFO]   Client 13 Loss: 8.5497
2026-07-21 11:20:06,790 [INFO]   Client 14 Loss: 7.7636
2026-07-21 11:20:23,012 [INFO]   Client 15 Loss: 7.7635
2026-07-21 11:20:37,794 [INFO]   Client 16 Loss: 7.6615
2026-07-21 11:20:40,961 [INFO]   Client 17 Loss: 8.3733
2026-07-21 11:20:52,791 [INFO]   Client 18 Loss: 7.8191
2026-07-21 11:20:58,623 [INFO]   Client 19 Loss: 8.1973
2026-07-21 11:21:01,538 [INFO]   Client 20 Loss: 8.7520
2026-07-21 11:21:05,086 [INFO]   Client 21 Loss: 7.7423
2026-07-21 11:21:15,002 [INFO]   Client 22 Loss: 7.8031
2026-07-21 11:21:18,154 [INFO]   Client 24 Loss: 7.8861
2026-07-21 11:21:19,080 [INFO]   Client 25 Loss: 8.3266
2026-07-21 11:21:27,029 [INFO]   Client 26 Loss: 7.9699
2026-07-21 11:21:29,042 [INFO]   Client 27 Loss: 8.6239
2026-07-21 11:21:33,557 [INFO]   Client 28 Loss: 7.8620
2026-07-21 11:21:42,579 [INFO]   Client 29 Loss: 7.8014
2026-07-21 11:21:47,335 [INFO]   Client 30 Loss: 8.0607
2026-07-21 11:21:51,368 [INFO]   Client 31 Loss: 8.5321
2026-07-21 11:22:01,622 [INFO]   Client 33 Loss: 7.8740
2026-07-21 11:22:09,483 [INFO]   Client 34 Loss: 7.8504
2026-07-21 11:22:12,328 [INFO]   Client 35 Loss: 8.1487
2026-07-21 11:22:20,878 [INFO]   Client 36 Loss: 7.8296
2026-07-21 11:22:32,573 [INFO]   Client 37 Loss: 7.8484
2026-07-21 11:22:32,788 [INFO]   Client 38 Loss: 8.6625
2026-07-21 11:22:35,008 [INFO]   Client 40 Loss: 7.9078
2026-07-21 11:22:38,901 [INFO]   Client 41 Loss: 7.9330
2026-07-21 11:22:50,581 [INFO]   Client 42 Loss: 7.8180
2026-07-21 11:22:55,285 [INFO]   Client 43 Loss: 8.1650
2026-07-21 11:23:08,599 [INFO]   Client 44 Loss: 7.6729
2026-07-21 11:23:14,541 [INFO]   Client 45 Loss: 7.8654
2026-07-21 11:23:22,501 [INFO]   Client 46 Loss: 8.4925
2026-07-21 11:23:30,800 [INFO]   Client 47 Loss: 7.7527
2026-07-21 11:23:32,054 [INFO]   Client 48 Loss: 8.2221
2026-07-21 11:23:42,414 [INFO]   Client 49 Loss: 7.7950
2026-07-21 11:23:50,259 [INFO]   Client 50 Loss: 7.7534
2026-07-21 11:23:55,755 [INFO]   Client 51 Loss: 8.0920
2026-07-21 11:24:01,545 [INFO]   Client 52 Loss: 7.9896
2026-07-21 11:24:09,822 [INFO]   Client 53 Loss: 7.9289
2026-07-21 11:24:15,082 [INFO]   Client 54 Loss: 8.0209
2026-07-21 11:24:29,635 [INFO]   Client 55 Loss: 7.7240
2026-07-21 11:24:31,239 [INFO]   Client 56 Loss: 8.7044
2026-07-21 11:24:31,907 [INFO]   Client 57 Loss: 8.6521
2026-07-21 11:24:34,360 [INFO]   Client 58 Loss: 8.3670
2026-07-21 11:24:40,393 [INFO]   Client 59 Loss: 7.7198
2026-07-21 11:24:46,762 [INFO]   Client 60 Loss: 8.3325
2026-07-21 11:24:53,693 [INFO]   Client 61 Loss: 7.9302
2026-07-21 11:24:54,628 [INFO]   Client 63 Loss: 9.0686
2026-07-21 11:24:57,591 [INFO]   Client 64 Loss: 8.1888
2026-07-21 11:25:13,001 [INFO]   Client 65 Loss: 7.7913
2026-07-21 11:25:27,104 [INFO]   Client 66 Loss: 7.6100
2026-07-21 11:25:31,827 [INFO]   Client 67 Loss: 8.1988
2026-07-21 11:25:34,364 [INFO]   Client 68 Loss: 8.6863
2026-07-21 11:25:41,271 [INFO]   Client 69 Loss: 7.8320
2026-07-21 11:29:16,358 [INFO] [Task 2 | Round 20/30 | Global 80] Acc: 35.17% | F1-Mac: 16.54% | Loss: 8.1928
2026-07-21 11:29:16,379 [INFO] 
--- Task 2, Round 21/30 (Global 81) ---
2026-07-21 11:29:16,914 [INFO]   Client 0 Loss: 8.6390
2026-07-21 11:29:17,521 [INFO]   Client 1 Loss: 11.6022
2026-07-21 11:29:21,467 [INFO]   Client 2 Loss: 7.9039
2026-07-21 11:29:34,051 [INFO]   Client 3 Loss: 7.7440
2026-07-21 11:29:34,757 [INFO]   Client 4 Loss: 9.7656
2026-07-21 11:29:35,715 [INFO]   Client 5 Loss: 9.9831
2026-07-21 11:29:38,005 [INFO]   Client 6 Loss: 7.9637
2026-07-21 11:29:42,575 [INFO]   Client 7 Loss: 8.6517
2026-07-21 11:29:44,981 [INFO]   Client 8 Loss: 8.1934
2026-07-21 11:29:52,808 [INFO]   Client 9 Loss: 7.8686
2026-07-21 11:29:54,509 [INFO]   Client 10 Loss: 8.9160
2026-07-21 11:30:01,852 [INFO]   Client 11 Loss: 7.8826
2026-07-21 11:30:16,249 [INFO]   Client 12 Loss: 7.6309
2026-07-21 11:30:19,250 [INFO]   Client 13 Loss: 8.5392
2026-07-21 11:30:29,122 [INFO]   Client 14 Loss: 7.7542
2026-07-21 11:30:45,453 [INFO]   Client 15 Loss: 7.7532
2026-07-21 11:31:00,306 [INFO]   Client 16 Loss: 7.6497
2026-07-21 11:31:03,492 [INFO]   Client 17 Loss: 8.3715
2026-07-21 11:31:15,293 [INFO]   Client 18 Loss: 7.8146
2026-07-21 11:31:21,141 [INFO]   Client 19 Loss: 8.1900
2026-07-21 11:31:24,062 [INFO]   Client 20 Loss: 8.7839
2026-07-21 11:31:27,666 [INFO]   Client 21 Loss: 7.7226
2026-07-21 11:31:37,594 [INFO]   Client 22 Loss: 7.7920
2026-07-21 11:31:40,750 [INFO]   Client 24 Loss: 7.8695
2026-07-21 11:31:41,676 [INFO]   Client 25 Loss: 8.3057
2026-07-21 11:31:49,631 [INFO]   Client 26 Loss: 7.9507
2026-07-21 11:31:51,648 [INFO]   Client 27 Loss: 8.6180
2026-07-21 11:31:56,161 [INFO]   Client 28 Loss: 7.8470
2026-07-21 11:32:05,211 [INFO]   Client 29 Loss: 7.8025
2026-07-21 11:32:09,960 [INFO]   Client 30 Loss: 8.0486
2026-07-21 11:32:14,009 [INFO]   Client 31 Loss: 8.5235
2026-07-21 11:32:24,313 [INFO]   Client 33 Loss: 7.8676
2026-07-21 11:32:32,219 [INFO]   Client 34 Loss: 7.8388
2026-07-21 11:32:35,102 [INFO]   Client 35 Loss: 8.1401
2026-07-21 11:32:43,728 [INFO]   Client 36 Loss: 7.8176
2026-07-21 11:32:55,494 [INFO]   Client 37 Loss: 7.8269
2026-07-21 11:32:55,705 [INFO]   Client 38 Loss: 8.6670
2026-07-21 11:32:57,964 [INFO]   Client 40 Loss: 7.9027
2026-07-21 11:33:01,851 [INFO]   Client 41 Loss: 7.9135
2026-07-21 11:33:13,466 [INFO]   Client 42 Loss: 7.8044
2026-07-21 11:33:18,199 [INFO]   Client 43 Loss: 8.1621
2026-07-21 11:33:31,523 [INFO]   Client 44 Loss: 7.6649
2026-07-21 11:33:37,481 [INFO]   Client 45 Loss: 7.8555
2026-07-21 11:33:45,413 [INFO]   Client 46 Loss: 8.4799
2026-07-21 11:33:53,757 [INFO]   Client 47 Loss: 7.7347
2026-07-21 11:33:55,012 [INFO]   Client 48 Loss: 8.1980
2026-07-21 11:34:05,423 [INFO]   Client 49 Loss: 7.7856
2026-07-21 11:34:13,282 [INFO]   Client 50 Loss: 7.7603
2026-07-21 11:34:18,825 [INFO]   Client 51 Loss: 8.0892
2026-07-21 11:34:24,579 [INFO]   Client 52 Loss: 7.9807
2026-07-21 11:34:32,827 [INFO]   Client 53 Loss: 7.9167
2026-07-21 11:34:38,072 [INFO]   Client 54 Loss: 8.0106
2026-07-21 11:34:52,539 [INFO]   Client 55 Loss: 7.7121
2026-07-21 11:34:54,125 [INFO]   Client 56 Loss: 8.7032
2026-07-21 11:34:54,793 [INFO]   Client 57 Loss: 8.6821
2026-07-21 11:34:57,263 [INFO]   Client 58 Loss: 8.3679
2026-07-21 11:35:03,273 [INFO]   Client 59 Loss: 7.7085
2026-07-21 11:35:09,617 [INFO]   Client 60 Loss: 8.3304
2026-07-21 11:35:16,519 [INFO]   Client 61 Loss: 7.9179
2026-07-21 11:35:17,454 [INFO]   Client 63 Loss: 9.1114
2026-07-21 11:35:20,413 [INFO]   Client 64 Loss: 8.1931
2026-07-21 11:35:35,726 [INFO]   Client 65 Loss: 7.7770
2026-07-21 11:35:49,852 [INFO]   Client 66 Loss: 7.5995
2026-07-21 11:35:54,550 [INFO]   Client 67 Loss: 8.1912
2026-07-21 11:35:57,103 [INFO]   Client 68 Loss: 8.6730
2026-07-21 11:36:03,992 [INFO]   Client 69 Loss: 7.8156
2026-07-21 11:39:39,012 [INFO] [Task 2 | Round 21/30 | Global 81] Acc: 35.25% | F1-Mac: 16.50% | Loss: 8.1861
2026-07-21 11:39:39,033 [INFO] 
--- Task 2, Round 22/30 (Global 82) ---
2026-07-21 11:39:39,542 [INFO]   Client 0 Loss: 8.6483
2026-07-21 11:39:40,151 [INFO]   Client 1 Loss: 11.7385
2026-07-21 11:39:44,069 [INFO]   Client 2 Loss: 7.8920
2026-07-21 11:39:56,633 [INFO]   Client 3 Loss: 7.7292
2026-07-21 11:39:57,332 [INFO]   Client 4 Loss: 9.8358
2026-07-21 11:39:58,294 [INFO]   Client 5 Loss: 10.0537
2026-07-21 11:40:00,581 [INFO]   Client 6 Loss: 7.9495
2026-07-21 11:40:05,145 [INFO]   Client 7 Loss: 8.6490
2026-07-21 11:40:07,603 [INFO]   Client 8 Loss: 8.1871
2026-07-21 11:40:15,370 [INFO]   Client 9 Loss: 7.8582
2026-07-21 11:40:17,086 [INFO]   Client 10 Loss: 8.5710
2026-07-21 11:40:24,408 [INFO]   Client 11 Loss: 7.8732
2026-07-21 11:40:38,640 [INFO]   Client 12 Loss: 7.6189
2026-07-21 11:40:41,637 [INFO]   Client 13 Loss: 8.5275
2026-07-21 11:40:51,498 [INFO]   Client 14 Loss: 7.7438
2026-07-21 11:41:07,666 [INFO]   Client 15 Loss: 7.7439
2026-07-21 11:41:22,405 [INFO]   Client 16 Loss: 7.6385
2026-07-21 11:41:25,584 [INFO]   Client 17 Loss: 8.3689
2026-07-21 11:41:37,443 [INFO]   Client 18 Loss: 7.8067
2026-07-21 11:41:43,268 [INFO]   Client 19 Loss: 8.1862
2026-07-21 11:41:46,195 [INFO]   Client 20 Loss: 8.7376
2026-07-21 11:41:49,746 [INFO]   Client 21 Loss: 7.7163
2026-07-21 11:41:59,604 [INFO]   Client 22 Loss: 7.7935
2026-07-21 11:42:02,725 [INFO]   Client 24 Loss: 7.8572
2026-07-21 11:42:03,655 [INFO]   Client 25 Loss: 8.3103
2026-07-21 11:42:11,585 [INFO]   Client 26 Loss: 7.9418
2026-07-21 11:42:13,592 [INFO]   Client 27 Loss: 8.6147
2026-07-21 11:42:18,102 [INFO]   Client 28 Loss: 7.8534
2026-07-21 11:42:27,086 [INFO]   Client 29 Loss: 7.7899
2026-07-21 11:42:31,839 [INFO]   Client 30 Loss: 8.0397
2026-07-21 11:42:35,881 [INFO]   Client 31 Loss: 8.5210
2026-07-21 11:42:46,191 [INFO]   Client 33 Loss: 7.8660
2026-07-21 11:42:54,227 [INFO]   Client 34 Loss: 7.8308
2026-07-21 11:42:57,210 [INFO]   Client 35 Loss: 8.1266
2026-07-21 11:43:05,960 [INFO]   Client 36 Loss: 7.8075
2026-07-21 11:43:17,788 [INFO]   Client 37 Loss: 7.8184
2026-07-21 11:43:17,998 [INFO]   Client 38 Loss: 8.6435
2026-07-21 11:43:20,205 [INFO]   Client 40 Loss: 7.8877
2026-07-21 11:43:24,049 [INFO]   Client 41 Loss: 7.9050
2026-07-21 11:43:35,581 [INFO]   Client 42 Loss: 7.7950
2026-07-21 11:43:40,309 [INFO]   Client 43 Loss: 8.1444
2026-07-21 11:43:53,587 [INFO]   Client 44 Loss: 7.6539
2026-07-21 11:43:59,504 [INFO]   Client 45 Loss: 7.8418
2026-07-21 11:44:07,494 [INFO]   Client 46 Loss: 8.4733
2026-07-21 11:44:15,833 [INFO]   Client 47 Loss: 7.7378
2026-07-21 11:44:17,071 [INFO]   Client 48 Loss: 8.1990
2026-07-21 11:44:27,408 [INFO]   Client 49 Loss: 7.7786
2026-07-21 11:44:35,205 [INFO]   Client 50 Loss: 7.7389
2026-07-21 11:44:40,706 [INFO]   Client 51 Loss: 8.0785
2026-07-21 11:44:46,448 [INFO]   Client 52 Loss: 7.9710
2026-07-21 11:44:54,737 [INFO]   Client 53 Loss: 7.9133
2026-07-21 11:45:00,009 [INFO]   Client 54 Loss: 7.9985
2026-07-21 11:45:14,573 [INFO]   Client 55 Loss: 7.7076
2026-07-21 11:45:16,180 [INFO]   Client 56 Loss: 8.6918
2026-07-21 11:45:16,850 [INFO]   Client 57 Loss: 8.6610
2026-07-21 11:45:19,304 [INFO]   Client 58 Loss: 8.3520
2026-07-21 11:45:25,352 [INFO]   Client 59 Loss: 7.6877
2026-07-21 11:45:31,776 [INFO]   Client 60 Loss: 8.3155
2026-07-21 11:45:38,760 [INFO]   Client 61 Loss: 7.9109
2026-07-21 11:45:39,697 [INFO]   Client 63 Loss: 9.0650
2026-07-21 11:45:42,660 [INFO]   Client 64 Loss: 8.1722
2026-07-21 11:45:58,053 [INFO]   Client 65 Loss: 7.7715
2026-07-21 11:46:12,120 [INFO]   Client 66 Loss: 7.5825
